6403554	basel	0	0	0	1	0	0	0	0	6.0	259	259	79	290000
6897479	basel	0	0	0	0	0	0	1	0	6.0	1198	1198	1198	470000
6930868	basel	0	0	0	0	1	0	0	0	3.5	209	209	74	570000
6989022	basel	0	0	0	0	0	0	0	0	5.5	686	686	170	1250000
7097302	basel	0	0	0	0	0	0	1	1	8.5	842	842	265	2200000
7104292	basel	0	0	0	0	1	0	1	1	10.0	2315	2315	402	850000
7139826	basel	0	1	0	0	1	0	1	1	5.5	361	361	180	1180000
7145185	basel	0	0	0	0	1	0	1	1	5.0	3190	3190	84	980000
7149452	basel	1	1	1	1	1	0	1	1	5.5	201	201	150	950000
7161052	basel	0	0	0	0	1	0	1	1	4.5	802	404	404	1150000
7194963	basel	0	1	0	0	1	0	0	1	5.0	393	393	115	1250000
7211669	basel	0	0	0	0	0	0	0	1	7.0	498	498	123	625000
7214183	basel	0	0	0	0	0	0	1	1	5.5	215	215	149	980000
6930680	basel	0	0	0	0	0	0	1	0	5.5	487	487	171	1650000
7150400	basel	1	1	1	0	1	0	1	1	7.5	1719	1719	273	1650000
7152585	basel	0	1	1	1	1	0	1	1	4.5	315	79	92	495000
7157888	basel	0	0	0	0	0	0	0	0	5.5	167	167	167	886500
7175721	basel	0	0	0	0	1	0	1	1	5.5	741	741	122	695000
7180345	basel	0	0	0	0	0	0	0	1	4.5	307	307	307	1475000
7181535	basel	0	1	1	1	1	1	0	1	6.5	251	120	120	690000
7191970	basel	0	0	0	0	0	0	0	0	10.5	741	741	252	1190000
7196675	basel	0	0	0	0	0	0	0	0	13.0	589	589	349	1450000
7196879	basel	0	0	0	1	0	0	1	0	6.0	822	822	156	900000
7211607	basel	0	1	1	0	1	1	1	1	5.5	292	166	166	790000
6749688	basel	0	0	0	1	1	0	0	0	7.5	1523	1523	180	1200000
6758053	basel	1	1	1	1	1	0	1	1	7.5	1820	600	292	1890000
6785193	basel	0	0	0	0	0	0	1	0	6.0	111	111	111	810000
6836270	basel	0	1	0	0	1	0	1	0	3.5	224	38	77	623500
6949068	basel	0	0	0	0	1	0	0	0	5.5	217	217	136	1220000
6992498	basel	0	0	0	0	0	0	1	0	4.5	366	366	118	530000
7144446	basel	0	0	0	0	0	0	1	1	9.5	658	658	198	975000
7153607	basel	1	1	1	1	1	1	1	0	4.5	140	140	140	645000
7174957	basel	0	1	1	1	1	1	1	1	6.5	4650	205	205	1360000
7211608	basel	1	1	1	1	1	0	1	0	7.0	751	751	287	1550000
6101470	basel	0	0	0	0	1	0	0	0	4.5	109	109	109	725000
6500003	basel	1	1	1	1	1	0	1	0	4.5	460	118	197	1192800
6920351	basel	1	1	0	0	1	0	1	0	6.5	1435	1435	148	1650000
7097270	basel	1	1	1	1	1	0	1	0	6.0	350	350	210	890000
7100683	basel	0	1	1	0	1	0	1	1	5.5	494	494	145	790000
7122994	basel	0	0	0	0	0	0	1	0	6.5	672	672	153	1080000
7132370	basel	0	0	0	0	0	0	1	0	8.5	1590	1590	228	1125000
7181659	basel	0	0	0	1	1	0	1	0	4.5	410	410	131	870000
7184404	basel	0	0	0	0	0	0	1	0	4.5	271	271	150	710000
7190222	basel	0	0	0	0	0	0	1	1	4.5	1583	201	114	930000
6079823	basel	0	0	0	1	1	0	0	0	5.0	147	249	123	595000
6751941	basel	0	0	0	0	0	0	1	0	4.5	545	545	187	1300000
6980978	basel	0	0	0	0	0	0	0	0	5.5	290	290	140	1020000
7128378	basel	0	0	0	1	1	0	1	1	9.0	1700	1700	350	5200000
7155189	basel	0	0	0	0	1	0	1	0	5.5	208	53	109	1060000
7177248	basel	0	0	0	0	0	0	1	0	4.5	318	318	110	695000
7181987	basel	0	0	0	0	1	0	0	0	5.5	1045	1045	1045	875000
7207034	basel	0	0	1	0	1	0	1	0	5.5	820	223	181	845000
7208446	basel	0	0	0	0	0	0	1	1	6.5	680	232	170	790000
7213014	basel	0	0	0	0	0	0	0	0	5.5	110	222	154	1065000
7214756	basel	0	0	0	0	0	0	1	0	3.0	90	90	90	700000
6935199	basel	1	1	0	0	0	0	1	0	7.0	1250	145	280	1650000
7090919	basel	0	0	0	0	1	0	0	1	5.5	297	297	210	900000
7094791	basel	0	0	0	0	1	0	1	1	6.0	339	339	145	580000
7173493	basel	0	0	0	0	0	0	0	0	4.5	400	400	99	830000
7175001	basel	0	0	0	1	1	0	1	0	4.5	320	320	157	775000
7186452	basel	0	0	0	0	1	0	0	0	8.5	230	230	230	1740000
7195271	basel	0	0	0	1	0	0	1	1	5.5	735	735	98	1030000
7196417	basel	1	1	0	0	1	0	0	1	5.5	588	54	174	1740000
7206881	basel	1	1	1	1	1	1	1	1	5.5	421	421	155	940000
7210671	basel	0	0	0	0	1	0	0	1	5.5	119	119	146	715000
5937079	basel	0	0	0	1	0	0	1	0	6.5	436	436	166	1031000
7008506	basel	0	0	0	1	0	0	1	0	8.0	1221	1221	281	2495000
7030101	basel	0	0	0	0	0	0	0	0	6.5	580	390	230	1400000
7053465	basel	0	0	0	0	0	0	0	0	3.5	75	75	96	145000
7071515	basel	0	0	0	0	0	0	0	0	5.5	162	162	141	795000
7123052	basel	0	0	0	0	1	0	1	0	5.5	500	500	160	995000
7130113	basel	0	0	0	0	1	0	1	0	6.0	674	674	134	1300000
7174988	basel	0	0	0	0	1	0	1	0	4.5	4895	4895	105	980000
7200726	basel	1	1	1	1	1	0	1	1	7.5	341	276	191	1590000
6568166	basel	0	0	0	1	0	0	1	0	7.5	400	400	187	955000
6763535	basel	1	0	1	1	1	1	0	1	5.5	231	231	231	765000
6932956	basel	0	0	0	0	1	0	1	0	7.0	661	661	143	1230000
7094662	basel	0	0	0	0	1	0	0	1	6.5	817	817	817	1490000
7110029	basel	0	0	0	0	1	0	0	1	7.5	654	654	200	1240000
7165497	basel	0	0	0	0	1	0	0	1	5.5	270	270	178	1350000
7176777	basel	0	0	0	0	1	0	1	1	7.0	1004	1004	145	570000
7177145	basel	1	1	1	1	1	0	1	1	5.0	671	67	155	1400000
7189951	basel	0	0	0	0	0	0	0	0	5.0	465	465	110	750000
6585782	basel	0	0	0	0	0	0	1	1	8.0	936	936	203	890000
6599401	basel	0	0	0	0	1	0	0	0	6.5	1412	1412	200	1650000
6981950	basel	0	0	0	0	1	0	0	1	4.0	385	385	92	294000
6984168	basel	0	0	0	0	1	0	1	1	6.5	762	762	120	720000
7080872	basel	0	0	0	0	0	0	1	0	7.5	536	236	196	1090000
7100658	basel	0	0	0	0	0	0	0	0	6.0	820	223	181	840000
7161685	basel	0	1	1	1	1	0	1	1	4.5	222	242	156	1420000
7187555	basel	0	0	0	0	1	0	0	0	7.5	872	872	195	1175000
7214320	basel	0	0	0	0	0	0	1	0	5.5	311	311	167	895000
7065335	basel	1	1	1	1	1	0	1	1	5.5	476	160	160	1900000
7100667	basel	0	0	0	0	0	0	0	0	6.0	820	223	181	495000
7127895	basel	0	0	0	0	0	0	0	0	9.0	197	197	200	1600000
7157385	basel	1	1	1	0	1	0	1	0	5.5	272	272	140	850000
7180211	basel	0	0	0	0	1	0	1	0	5.5	404	404	158	1550000
7186323	basel	0	0	0	0	0	0	1	0	5.5	696	696	175	850000
7189931	basel	0	0	0	0	1	0	1	1	6.5	221	221	221	720000
7190112	basel	0	0	0	0	1	0	1	1	8.0	839	839	210	1430000
7210675	basel	0	0	0	0	1	0	1	0	5.5	641	61	119	890000
6685512	basel	0	1	1	1	1	1	1	1	6.5	560	311	168	620000
7036670	basel	0	0	0	0	1	0	0	0	5.5	229	229	136	1160000
7057964	basel	0	0	0	0	0	0	0	0	6.0	570	570	393	1480000
7145604	basel	0	0	0	0	1	0	1	0	6.0	119	119	119	695000
7157148	basel	0	0	0	0	1	0	1	1	4.5	607	607	153	620000
7162338	basel	0	0	0	0	1	0	1	1	9.5	1234	1234	312	895000
7178814	basel	1	1	1	1	1	0	0	1	4.5	195	190	140	670000
7179337	basel	0	0	0	0	0	0	0	0	5.5	525	525	130	180000
7208177	basel	0	1	1	1	1	1	1	1	8.0	516	516	200	1250000
5490629	basel	0	0	0	1	1	0	1	1	5.5	300	300	140	650000
6745689	basel	0	0	1	0	1	0	0	1	5.0	175	175	175	795000
6769434	basel	0	0	0	0	0	0	1	1	7.5	749	749	149	925000
6796433	basel	1	1	1	1	1	1	0	1	5.0	160	219	160	855000
7168647	basel	0	0	0	0	1	0	1	1	5.5	625	625	160	1500000
7176577	basel	1	0	1	0	1	1	1	0	5.5	549	140	210	1080000
7211977	basel	0	0	0	0	0	0	1	0	4.5	435	435	128	760000
7214765	basel	0	0	0	0	0	0	0	0	6.5	421	421	163	1160000
6657363	basel	0	1	1	1	1	1	1	1	10.0	3322	505	360	2200000
6668841	basel	0	1	1	1	1	0	1	0	4.5	797	797	134	1215000
6947017	basel	0	1	0	0	1	0	1	1	8.5	448	448	448	990000
6957505	basel	0	1	1	1	1	0	0	0	10.5	51	233	183	2500000
7112357	basel	0	0	0	0	0	0	0	0	8.5	1439	1439	231	1950000
7186649	basel	0	0	0	0	0	0	0	0	4.0	1100	1100	175	490000
7196442	basel	0	1	1	0	1	0	1	1	6.5	881	881	881	587000
7210620	basel	0	1	1	1	1	0	1	1	5.5	639	639	129	900000
5634604	basel	0	0	0	1	1	0	1	1	5.5	300	300	140	600000
6647030	basel	0	0	0	0	1	0	1	1	5.5	699	699	122	750000
6889732	basel	0	0	0	0	1	0	1	1	10.0	797	797	797	460000
7006406	basel	0	0	0	1	0	0	0	0	3.0	467	467	110	668000
7049504	basel	0	0	0	0	0	0	0	1	6.5	360	360	160	348000
7154478	basel	0	0	0	0	0	0	0	0	5.5	115	115	135	595000
7157813	basel	0	0	0	0	0	0	0	0	5.5	650	650	220	1150000
7169255	basel	1	1	1	1	1	0	1	1	6.5	773	175	160	1350000
6765291	basel	0	1	1	1	1	0	1	1	5.5	235	235	120	710000
7029798	basel	0	0	0	0	1	0	0	0	5.5	295	295	100	715000
7089012	basel	0	0	0	0	0	0	0	0	6.5	526	526	193	980000
7111207	basel	0	0	1	1	1	1	1	0	4.5	330	330	137	694000
7128801	basel	0	0	0	1	1	0	1	1	5.5	252	209	160	830000
7193013	basel	1	1	1	1	1	0	1	1	8.5	880	390	270	1300000
7201835	basel	0	0	0	1	0	0	1	1	5.5	299	299	180	1875000
7202692	basel	0	0	0	0	0	0	1	0	20.0	60000	60000	465	5500000
6928495	basel	0	0	0	1	1	0	1	1	11.5	945	945	288	1540000
7005339	basel	0	0	0	0	1	0	0	1	4.5	141	141	141	1750000
7173817	basel	1	1	1	0	1	0	1	0	4.0	1009	1009	150	650000
7174702	basel	0	0	0	0	0	0	0	0	10.0	1234	1234	312	925000
7176354	basel	0	1	1	1	1	1	1	0	4.5	333	333	200	942000
7184012	basel	0	0	0	0	0	0	1	0	5.5	310	310	123	735000
7200616	basel	0	0	0	0	1	0	1	1	7.0	597	597	170	890000
7210000	basel	0	0	0	1	0	0	1	1	4.5	532	180	132	850000
7034167	basel	0	0	0	0	1	0	0	0	10.5	614	614	288	2490000
7050094	basel	0	0	0	0	0	0	0	0	4.5	223	223	151	1250000
7094664	basel	0	0	0	0	0	0	0	0	6.0	3151	3151	3151	1740000
7095399	basel	0	0	0	0	0	0	0	0	5.5	843	843	158	1195000
7116927	basel	0	0	0	0	0	0	1	0	7.0	880	880	120	499000
7138010	basel	0	0	0	0	0	0	0	0	6.0	655	655	167	1195000
7158015	basel	0	0	0	0	0	0	0	1	5.5	794	67	171	1190000
7188957	basel	0	0	0	0	1	0	1	1	9.0	1819	1819	469	1950000
7195263	basel	0	0	0	0	0	0	0	0	6.5	337	337	148	600000
7197488	basel	0	0	0	0	0	0	0	0	10.0	588	588	220	1495000
7197567	basel	0	0	0	0	1	0	0	0	13.0	3248	3248	3248	1700000
6917055	basel	0	0	0	0	1	0	1	0	5.0	626	626	626	580000
7069293	basel	1	1	0	0	1	0	1	1	5.5	605	605	150	480000
7110046	basel	0	0	0	1	1	0	1	1	5.5	527	527	146	990000
7111659	basel	0	1	1	1	1	0	1	0	9.0	483	247	227	595000
7122883	basel	0	0	0	0	1	0	0	0	4.5	273	273	152	790000
7125480	basel	0	0	0	0	0	0	0	0	7.5	172	172	172	960000
7129178	basel	0	1	1	1	1	0	1	1	6.5	800	102	164	962000
7170406	basel	0	0	0	0	1	0	0	1	11.0	1938	1938	285	900000
7196551	basel	0	0	0	0	1	0	1	0	6.0	1355	1355	1355	1250000
6907316	basel	0	1	1	1	1	0	0	1	5.5	820	223	181	1900000
6983512	basel	0	0	0	1	0	0	0	0	5.5	98	150	120	395000
7150307	basel	0	0	0	1	1	0	1	1	6.5	631	631	239	1700000
7171133	basel	0	0	0	0	0	0	1	1	7.5	921	279	188	1390000
7187154	basel	0	0	0	0	0	0	1	0	5.5	710	710	93	750000
7190425	basel	1	1	1	0	1	0	1	0	5.5	242	242	130	650000
7192666	basel	0	0	0	0	0	0	0	0	6.5	148	148	148	895000
7200734	basel	0	0	0	0	0	0	0	0	6.0	485	485	220	2490000
6655319	basel	0	0	0	0	1	0	1	1	8.5	2049	2049	412	850000
6684121	basel	0	0	0	1	1	0	0	0	13.0	948	948	357	1150000
6808253	basel	0	0	0	0	1	0	0	1	4.5	114	114	105	590000
7009034	basel	0	0	0	0	0	0	0	0	5.5	600	160	210	1285000
7043498	basel	0	0	0	0	0	0	0	0	6.5	380	380	135	590000
7150921	basel	0	0	0	0	0	0	0	0	6.0	1174	1174	1174	950000
7152609	basel	0	0	0	1	1	0	0	0	5.5	620	316	150	1320000
7169191	basel	0	0	0	0	0	0	0	1	4.5	500	500	133	995000
7187291	basel	0	0	0	0	0	0	0	0	5.5	494	494	200	1700000
6635656	basel	0	1	0	0	1	0	0	1	6.5	896	896	147	1190000
7150441	basel	0	0	0	0	1	0	0	1	4.5	115	115	115	1050000
7157890	basel	0	0	0	1	1	0	0	0	8.5	820	223	181	547000
7183579	basel	0	0	0	0	0	0	1	0	6.0	1143	1143	1143	550000
7200315	basel	1	1	1	1	1	0	1	1	6.5	706	706	193	1250000
7210858	basel	0	0	0	0	0	0	1	1	5.5	666	666	165	795000
7210990	basel	0	1	1	1	1	0	1	1	6.5	1000	1000	302	3490000
7211373	basel	0	0	0	0	0	0	0	0	5.5	120	120	120	490000
7214281	basel	0	0	0	1	1	0	1	1	4.5	760	760	154	850000
6670132	basel	0	0	0	0	1	0	1	1	12.0	3253	3253	317	1200000
7046537	basel	1	1	1	1	1	0	1	1	6.5	456	456	160	1150000
7078631	basel	0	0	0	0	1	0	0	0	5.5	156	156	156	799000
7168860	basel	0	1	1	1	1	0	1	0	6.5	504	230	200	1395000
7188437	basel	0	1	1	1	1	0	1	1	8.0	603	50	177	425267
7205906	basel	0	0	0	0	0	0	1	0	5.5	174	174	167	820000
7214795	basel	0	0	0	1	1	0	0	0	7.5	208	255	192	1395000
6768368	basel	0	0	0	0	0	0	1	0	12.0	2257	2257	324	1250000
6864425	basel	0	1	0	0	1	0	0	1	4.5	398	130	105	850000
6961635	basel	0	0	0	0	1	0	0	1	5.5	110	161	138	1150000
7052176	basel	1	1	1	0	1	0	1	1	7.0	800	800	200	995000
7127099	basel	0	0	0	0	0	0	1	0	6.5	394	394	158	770000
7168161	basel	0	0	0	0	0	0	1	0	2.5	367	367	367	680000
7180067	basel	0	0	0	0	0	0	1	1	9.5	732	732	279	2895000
7207033	basel	0	0	1	0	1	0	1	0	5.5	820	223	181	835000
5872599	basel	0	0	0	0	1	0	1	1	6.0	820	223	181	820000
7065264	basel	0	0	0	0	1	0	1	0	8.5	10777	10777	276	4500000
7111424	basel	0	0	0	1	1	0	1	1	9.0	1412	1412	535	1290000
7113761	basel	0	0	0	0	0	0	0	0	6.5	128	128	140	1190000
7150523	basel	0	0	0	0	0	0	1	1	3.5	971	971	140	760000
7164425	basel	0	0	0	0	0	0	0	0	7.5	229	229	229	970000
7196608	basel	0	0	0	0	0	0	1	0	4.5	711	240	105	775000
7206868	basel	0	0	0	0	1	0	1	0	4.5	273	273	115	700000
7211858	basel	0	0	0	0	0	0	0	0	6.0	687	687	687	356868
5636211	basel	0	0	0	0	1	1	1	0	6.0	1245	1245	1245	615000
7058231	basel	0	0	0	0	0	0	0	0	12.0	994	994	233	998000
7134344	basel	0	0	0	0	1	0	0	0	5.5	797	494	354	2350000
7149453	basel	1	1	1	1	1	0	1	0	8.0	383	383	166	855000
7164156	basel	0	1	1	1	1	0	1	1	6.5	601	601	154	1390000
7164404	basel	0	0	0	0	1	0	0	1	4.5	1300	1300	120	650000
7176617	basel	1	1	1	1	1	1	1	1	4.5	272	272	114	620000
7200615	basel	0	0	0	0	0	0	1	1	6.5	405	405	181	1250000
6784200	basel	0	0	0	0	0	0	1	0	4.5	396	396	160	1150000
7036671	basel	0	0	0	0	1	0	0	0	5.5	229	229	137	1240000
7094585	basel	1	1	1	0	1	0	1	1	4.5	1529	1529	150	620000
7104318	basel	0	0	0	0	1	0	1	1	4.5	139	139	186	620000
7151947	basel	1	1	1	0	1	0	1	1	5.5	820	223	181	672000
7178864	basel	1	1	0	0	1	0	1	1	9.0	954	954	954	585000
7180018	basel	0	0	0	0	1	0	1	1	7.0	451	451	159	890000
7208173	basel	0	1	1	0	1	1	1	1	6.5	416	416	290	1300000
6746203	basel	0	1	1	0	1	0	1	1	5.5	1384	158	129	1090000
6993478	basel	0	0	0	0	0	0	0	0	6.5	940	940	136	1390000
7057199	basel	0	1	0	1	1	0	1	1	7.5	699	205	145	2500000
7096098	basel	0	1	0	0	1	0	0	1	6.5	896	896	147	890000
7155068	basel	0	0	0	0	1	0	0	0	5.5	588	588	182	1590000
7201233	basel	0	0	0	0	0	0	0	0	3.0	57	57	58	420000
7206822	basel	0	0	0	0	0	0	0	0	6.0	724	724	724	830000
6506394	basel	0	0	0	0	1	0	0	1	6.5	1095	1095	210	825000
7011247	basel	0	0	0	0	1	0	0	0	5.5	195	195	160	590000
7100674	basel	0	0	0	0	0	0	0	0	5.5	820	223	181	199000
7127346	basel	0	0	0	0	0	0	0	0	5.5	160	160	160	1090000
7147446	basel	1	1	1	1	1	0	1	1	5.5	333	333	143	995000
7161898	basel	0	0	0	0	1	0	0	1	5.5	558	170	123	850000
7210483	basel	0	0	0	0	0	0	0	0	6.0	820	223	181	685000
6829147	basel	0	0	0	0	0	0	1	1	6.5	260	260	135	499000
6995396	basel	0	0	0	0	1	0	1	1	5.5	549	549	130	680000
7012595	basel	1	0	1	1	0	0	1	1	5.5	438	65	130	825000
7087768	basel	0	0	0	0	0	0	0	0	14.0	2537	2537	340	2500000
7173506	basel	0	0	0	0	0	0	1	0	6.0	227	227	163	2200000
7189261	basel	0	0	1	1	1	0	1	0	4.5	4238	4238	145	750000
7207584	basel	0	0	0	0	0	0	0	0	5.5	90	150	150	570000
6740818	basel	1	1	0	0	1	0	1	1	9.0	788	788	153	780000
7114929	basel	0	0	0	1	1	0	1	1	6.5	415	415	177	980000
7134213	basel	0	0	0	0	0	0	0	0	6.0	782	782	180	728605
7143129	basel	0	0	0	0	1	0	1	1	6.5	457	457	155	930000
7196319	basel	0	1	1	1	1	0	1	0	5.5	157	162	120	695000
7200748	basel	0	0	0	0	0	0	1	1	9.5	1254	1254	422	2250000
7214012	basel	1	1	1	1	1	0	0	1	20.0	1422	1000	760	2950000
7046938	basel	0	1	1	1	1	0	1	0	5.5	750	750	166	850000
7050308	basel	0	0	0	0	0	0	0	0	4.5	390	390	136	780000
7090609	basel	0	0	0	0	0	0	1	1	8.0	6083	6083	428	850000
7100694	basel	0	0	0	0	0	0	0	0	6.5	306	214	309	1055000
7157889	basel	0	0	0	0	0	0	0	0	5.5	166	166	166	873500
7167899	basel	0	0	0	0	0	0	0	0	7.5	804	804	269	1590000
7209387	basel	0	0	0	0	1	0	1	1	12.0	3939	540	243	880000
7036672	basel	0	0	0	0	1	0	0	0	6.5	257	257	168	1250000
7131102	basel	0	0	0	0	1	0	1	0	6.5	1077	1077	191	920000
7161023	basel	1	1	1	1	1	0	1	0	5.5	494	102	167	963000
7166081	basel	0	0	0	1	0	0	0	0	5.5	363	363	181	1195000
7180021	basel	0	0	0	0	1	0	1	0	10.0	1589	1589	190	1470000
7193252	basel	0	0	0	0	0	0	0	0	4.5	38	38	80	395000
7194991	basel	0	0	0	0	1	0	1	0	6.5	582	582	253	2490000
6994388	bern	0	1	1	1	1	1	1	1	7.5	759	331	225	1445000
6996153	bern	0	0	0	0	1	0	0	0	6.0	1010	1010	220	1290000
7090919	bern	0	0	0	0	1	0	0	1	5.5	297	297	210	900000
7111437	bern	0	0	0	0	1	0	0	0	4.5	916	916	84	290000
7121336	bern	1	1	0	0	1	0	0	0	7.5	2544	2544	350	1750000
7161931	bern	0	0	0	0	1	0	1	0	6.0	167	234	162	1350000
7173625	bern	0	0	0	0	1	0	1	0	6.0	418	418	172	1090000
7178827	bern	1	1	1	1	1	1	1	1	5.5	283	283	122	1050000
7184571	bern	0	0	0	0	1	0	1	1	7.5	629	629	180	1165000
7203921	bern	1	1	0	0	1	0	1	1	9.5	1646	1646	186	1075000
7207129	bern	0	0	0	0	1	0	1	0	5.5	540	540	167	980000
7211373	bern	0	0	0	0	0	0	0	0	5.5	120	120	120	490000
6201005	bern	0	0	0	0	0	0	0	1	5.5	240	240	209	1495000
6486297	bern	0	0	0	0	0	0	0	0	4.5	716	716	120	895000
6667527	bern	0	0	0	1	1	0	0	0	5.5	131	189	139	695000
7050308	bern	0	0	0	0	0	0	0	0	4.5	390	390	136	780000
7089012	bern	0	0	0	0	0	0	0	0	6.5	526	526	193	980000
7111196	bern	1	1	1	1	1	0	1	1	5.5	993	993	180	1250000
7163085	bern	0	0	0	0	1	0	0	0	5.5	358	358	160	950000
7170405	bern	0	0	0	0	1	0	0	0	7.0	2691	2691	234	940000
7185166	bern	0	0	0	0	1	0	1	0	4.5	138	138	138	1079000
7187340	bern	0	1	1	0	1	0	1	0	4.5	160	160	160	970000
7187565	bern	1	1	1	1	1	0	1	1	4.5	747	747	135	770000
6385065	bern	0	0	0	1	1	0	0	0	5.5	927	216	146	495000
6989019	bern	0	0	0	0	0	0	0	0	3.5	402	402	70	520000
7065264	bern	0	0	0	0	1	0	1	0	8.5	10777	10777	276	4500000
7084234	bern	0	0	0	0	1	0	1	0	4.5	571	571	84	577000
7163976	bern	0	0	0	0	0	0	0	0	6.0	933	279	193	450000
7193590	bern	0	0	0	0	1	0	0	1	5.5	721	721	721	1150000
7197325	bern	1	1	0	0	1	0	0	1	7.0	124	124	124	680000
7199397	bern	0	0	0	0	1	0	0	0	5.5	124	124	120	1095000
7199911	bern	0	0	0	0	0	0	1	0	7.5	533	533	150	659000
7204630	bern	0	0	0	0	0	0	1	1	6.0	1153	1153	260	2450000
7213293	bern	0	0	0	0	0	0	1	0	6.0	3954	3954	340	3980000
6559883	bern	0	1	1	1	1	1	1	0	6.5	526	90	186	1549790
7141547	bern	0	0	0	0	1	0	1	1	4.5	547	547	129	795000
7156518	bern	0	0	0	0	0	0	1	0	5.5	155	177	153	740000
7164141	bern	0	0	0	0	1	0	1	1	5.5	548	548	125	650000
7174702	bern	0	0	0	0	0	0	0	0	10.0	1234	1234	312	925000
7176777	bern	0	0	0	0	1	0	1	1	7.0	1004	1004	145	570000
7187192	bern	1	1	1	1	1	0	1	1	6.0	804	804	140	1450000
7191647	bern	0	0	0	0	0	0	0	1	5.5	1304	798	279	12500000
7207735	bern	0	0	0	0	0	0	1	1	5.5	602	602	228	1395000
7211112	bern	0	0	0	0	0	0	1	1	5.5	785	785	130	668000
7008197	bern	0	0	0	1	1	0	1	0	5.5	246	246	120	320000
7008900	bern	0	0	0	1	0	0	1	1	5.5	649	649	140	925000
7073885	bern	0	0	0	0	1	0	1	1	6.5	405	22	147	1190000
7076354	bern	0	0	0	0	1	0	0	0	5.5	162	162	162	935000
7115292	bern	0	0	0	0	1	0	0	1	9.0	1462	381	230	2600000
7160906	bern	1	1	1	0	1	0	1	0	6.5	609	230	160	690000
7193036	bern	0	0	0	0	1	0	1	0	6.5	1467	1467	200	1500000
7208648	bern	0	0	0	0	0	0	1	1	6.5	705	174	162	880000
7210858	bern	0	0	0	0	0	0	1	1	5.5	666	666	165	795000
7215200	bern	0	1	0	0	1	0	1	1	5.5	233	233	233	1730000
7032858	bern	0	0	0	1	0	0	1	1	5.5	505	505	167	750000
7058373	bern	1	1	0	0	1	0	1	0	6.0	2056	2056	2056	585000
7108319	bern	1	0	1	1	1	1	1	1	6.5	756	220	140	1695000
7118073	bern	0	0	0	0	1	0	0	0	6.5	248	248	172	1220000
7163084	bern	0	0	0	0	1	0	0	0	5.5	358	358	160	950000
7178864	bern	1	1	0	0	1	0	1	1	9.0	954	954	954	585000
7195596	bern	0	0	0	0	1	0	0	0	6.0	437	437	180	1150000
7204625	bern	0	0	0	0	0	0	1	0	5.5	300	300	155	895000
7214131	bern	1	1	0	0	1	0	1	0	5.5	900	900	147	1325500
7011274	bern	0	0	0	0	1	0	1	1	10.0	621	621	337	1290000
7093025	bern	0	0	1	1	1	0	1	1	5.5	1547	1547	160	1100000
7140165	bern	0	0	0	0	1	0	1	0	8.0	695	478	268	1920000
7145519	bern	0	0	0	0	1	0	1	1	6.5	988	988	187	1130000
7177243	bern	1	1	1	0	1	0	1	1	6.0	2346	800	800	5000000
7188343	bern	0	0	0	0	0	0	1	1	7.0	639	639	250	2890000
7194445	bern	0	0	0	0	1	0	0	0	5.5	186	186	186	1025000
7208117	bern	0	0	0	1	1	0	1	1	4.5	308	308	112	649000
7209223	bern	1	1	1	1	1	0	1	1	6.5	634	634	200	1075000
7150263	bern	0	1	1	1	1	0	1	1	6.0	1398	277	183	1250000
7150558	bern	0	0	0	0	1	0	1	0	7.0	471	471	259	1490000
7188158	bern	0	0	0	0	1	0	1	0	6.0	1011	1011	1011	1200000
7193341	bern	0	0	0	1	1	0	1	0	6.5	241	212	163	825000
7204538	bern	0	0	0	0	1	0	1	0	5.5	201	245	136	895000
7206852	bern	0	0	0	0	1	0	1	1	5.5	1016	1016	145	1090000
7207584	bern	0	0	0	0	0	0	0	0	5.5	90	150	150	570000
7211711	bern	0	0	0	0	0	0	1	0	5.5	1371	1371	116	995000
7213901	bern	0	0	0	0	1	0	0	0	7.5	172	172	163	1195000
6696500	bern	0	0	0	0	0	0	0	0	7.5	971	971	971	790000
6726729	bern	0	1	1	1	1	0	1	1	7.5	2465	2465	280	1950000
7000410	bern	0	1	1	1	1	1	1	1	6.0	611	200	188	944000
7123480	bern	0	0	0	0	1	0	1	0	10.0	587	587	200	1100000
7127267	bern	0	0	0	0	1	0	0	0	4.5	277	277	100	860000
7130581	bern	0	0	0	0	1	0	1	1	4.5	709	709	150	849000
7182276	bern	0	0	0	0	1	0	0	0	6.5	397	397	228	1690000
7214756	bern	0	0	0	0	0	0	1	0	3.0	90	90	90	700000
7215021	bern	0	0	0	0	1	0	1	1	9.5	2104	2104	300	2775000
5634604	bern	0	0	0	1	1	0	1	1	5.5	300	300	140	600000
6908753	bern	0	0	0	0	0	0	0	0	4.5	933	279	193	635000
6951691	bern	0	0	0	1	1	0	1	1	5.5	178	292	146	785000
7082132	bern	0	0	0	0	0	0	0	0	6.5	698	698	214	1920000
7115977	bern	0	0	0	0	0	0	1	1	4.5	2032	39	115	980000
7180272	bern	0	0	1	1	1	0	1	1	5.0	2243	2243	110	750000
7184308	bern	0	0	0	0	0	0	1	0	7.5	798	798	160	960000
7208011	bern	0	0	0	0	0	0	0	1	5.5	1738	1738	126	1175000
7210619	bern	0	1	1	1	1	0	1	1	5.5	386	386	210	1250000
6997149	bern	0	0	1	0	1	1	1	1	4.5	569	569	569	930000
7039360	bern	0	0	0	0	1	0	1	0	5.5	437	437	160	1150000
7076444	bern	0	1	1	0	0	0	1	0	5.5	603	189	146	1195000
7087968	bern	0	0	0	0	0	0	0	1	5.5	801	801	153	1395000
7118584	bern	1	0	1	1	1	0	0	0	11.0	194	194	262	790000
7145604	bern	0	0	0	0	1	0	1	0	6.0	119	119	119	695000
7146476	bern	0	0	0	1	1	0	0	1	6.0	350	350	145	795000
7157943	bern	0	0	0	0	0	0	0	0	4.5	417	417	60	280000
7168301	bern	0	0	0	0	0	0	0	0	7.5	126	126	240	420000
7037347	bern	0	0	1	0	0	0	1	0	4.5	665	160	135	995000
7063400	bern	0	0	0	0	1	0	1	1	5.5	440	160	150	1470000
7123321	bern	0	0	0	0	1	0	1	0	5.5	222	222	154	695000
7159347	bern	0	0	0	0	1	0	0	1	6.5	752	752	197	895000
7167942	bern	0	1	1	1	1	1	1	0	5.5	183	183	115	790000
7177718	bern	0	0	0	0	1	0	1	1	4.5	380	380	100	695000
7189986	bern	0	0	0	0	1	0	1	1	4.5	528	145	128	1250000
7213360	bern	0	0	0	0	1	0	1	1	6.5	500	500	156	1420000
7077648	bern	0	0	0	0	1	0	0	1	6.5	274	274	139	725000
7113980	bern	0	0	0	1	1	0	0	0	5.5	121	121	121	690000
7132370	bern	0	0	0	0	0	0	1	0	8.5	1590	1590	228	1125000
7133890	bern	0	0	0	0	0	0	0	0	8.5	164	164	288	1800000
7145086	bern	0	1	1	1	1	0	1	1	7.5	927	927	188	1450000
7160763	bern	0	0	0	0	0	0	0	0	4.5	149	149	130	785000
7180152	bern	0	0	0	0	1	0	0	1	4.5	1038	1038	120	995000
7196608	bern	0	0	0	0	0	0	1	0	4.5	711	240	105	775000
7201739	bern	0	0	0	0	0	0	0	0	7.5	933	279	193	1050000
5490629	bern	0	0	0	1	1	0	1	1	5.5	300	300	140	650000
7047102	bern	1	1	1	1	1	0	1	1	5.5	781	781	211	520000
7076057	bern	0	1	1	1	1	1	0	1	6.5	517	210	213	2500000
7126176	bern	0	0	0	0	1	0	0	0	5.5	510	510	125	880000
7157747	bern	0	0	0	0	0	0	0	1	5.5	278	278	128	690000
7190304	bern	0	0	0	0	1	0	1	0	6.0	463	463	204	1165000
7210483	bern	0	0	0	0	0	0	0	0	6.0	933	279	193	685000
7213970	bern	0	0	0	0	1	0	1	1	6.5	679	232	180	1190000
6743939	bern	0	0	1	0	1	0	1	1	5.5	558	558	131	850000
7137008	bern	0	0	0	0	0	0	0	1	6.5	3362	3362	194	1150000
7154157	bern	0	1	0	0	1	0	1	1	5.5	624	624	169	1549000
7161783	bern	0	1	1	0	1	1	1	0	5.5	933	279	193	1100000
7180106	bern	0	0	0	1	1	0	0	0	8.0	386	270	205	1250000
7180211	bern	0	0	0	0	1	0	1	0	5.5	404	404	158	1550000
7206881	bern	1	1	1	1	1	1	1	1	5.5	421	421	155	940000
7210856	bern	0	0	0	0	0	0	0	1	5.5	190	190	148	690000
7094219	bern	0	0	0	0	1	0	1	1	4.5	194	194	105	990000
7103537	bern	0	0	0	0	1	0	1	0	6.0	575	575	121	795000
7126172	bern	0	0	0	0	1	0	0	0	6.5	356	356	125	860000
7136679	bern	0	0	0	0	1	0	0	1	5.5	680	680	680	1590000
7140207	bern	0	0	0	0	1	0	1	0	4.5	478	478	152	855000
7151345	bern	0	0	0	0	0	0	0	0	6.0	1565	1565	1565	3480000
7162019	bern	0	0	0	0	0	0	0	0	6.5	1279	312	164	1350000
7164386	bern	0	0	0	0	0	0	1	1	4.5	380	380	100	640000
7189167	bern	1	1	0	1	1	0	0	0	4.5	522	522	97	295000
7207316	bern	0	0	0	0	1	0	0	0	5.5	421	421	220	1130000
6881540	bern	0	1	1	1	1	0	0	1	6.5	585	585	210	910000
7006002	bern	0	0	0	0	1	0	1	0	7.5	769	769	172	750000
7140789	bern	0	0	0	0	1	0	0	0	3.5	791	121	61	485000
7149453	bern	1	1	1	1	1	0	1	0	8.0	383	383	166	855000
7209035	bern	0	0	0	0	1	0	0	1	3.0	1300	1300	100	790000
7213339	bern	0	0	0	0	1	0	1	0	5.5	157	162	120	695000
7213973	bern	0	0	0	0	1	0	1	1	6.5	617	232	180	1120000
7214359	bern	0	0	0	0	0	0	1	1	4.5	546	546	100	600000
6678072	bern	1	1	1	1	1	0	1	1	5.5	907	310	119	1950000
7053465	bern	0	0	0	0	0	0	0	0	3.5	75	75	96	145000
7075355	bern	0	0	0	0	1	0	1	0	8.0	2454	2454	272	1120000
7127091	bern	0	0	0	0	1	0	1	1	5.5	1050	1050	131	820000
7136775	bern	0	0	0	0	0	0	0	0	9.0	933	279	193	695000
7168613	bern	0	0	0	0	0	0	1	1	5.5	1018	1018	160	1195000
7186630	bern	1	1	1	1	1	0	1	1	5.5	845	352	191	930000
7205793	bern	0	0	0	0	1	0	1	0	6.0	312	312	170	1145000
7073660	bern	0	0	0	0	0	0	0	1	6.5	11762	277	220	2590000
7135406	bern	0	0	0	0	1	0	1	0	6.0	673	673	140	795000
7145802	bern	0	0	0	0	1	0	0	0	5.5	376	376	141	1100000
7173703	bern	0	0	0	0	0	0	0	0	4.0	978	978	100	640000
7188905	bern	0	0	0	0	0	0	1	1	5.0	933	279	193	760000
7191725	bern	0	0	0	0	1	0	1	1	6.5	625	265	160	1515000
7196675	bern	0	0	0	0	0	0	0	0	13.0	589	589	349	1450000
7212098	bern	1	1	1	1	1	0	1	1	7.5	1472	264	264	2050000
7009034	bern	0	0	0	0	0	0	0	0	5.5	600	160	210	1285000
7127733	bern	0	0	0	0	0	0	1	0	5.5	6100	6100	151	1650000
7153391	bern	0	0	0	0	0	0	0	0	5.5	310	209	154	1160000
7170129	bern	0	0	0	0	1	0	1	0	5.5	933	279	193	595000
7170239	bern	0	0	0	0	0	0	0	0	6.5	388	388	154	1450000
7200686	bern	0	0	0	0	0	0	1	0	5.5	742	742	135	1200000
7208630	bern	0	0	0	0	1	0	1	1	9.0	1100	1100	280	1250000
7211663	bern	0	0	0	0	1	0	1	0	4.5	469	469	264	1088000
7213280	bern	0	1	1	1	1	0	1	1	7.5	639	639	330	2790000
6894291	bern	0	0	0	0	0	0	0	1	6.5	96	96	192	937000
7118670	bern	1	1	1	1	1	0	1	0	7.5	1274	1274	250	890000
7152609	bern	0	0	0	1	1	0	0	0	5.5	620	316	150	1320000
7153067	bern	0	0	0	1	1	0	1	1	5.5	520	260	170	1180000
7153397	bern	0	0	0	0	0	0	1	0	5.5	389	389	150	1150000
7157385	bern	1	1	1	0	1	0	1	0	5.5	272	272	140	850000
7161052	bern	0	0	0	0	1	0	1	1	4.5	802	404	404	1150000
7177749	bern	0	0	0	0	0	0	1	0	6.5	300	300	266	1520000
6631960	bern	1	1	1	1	1	0	1	1	4.5	814	226	140	1050000
6841091	bern	0	0	0	0	0	0	1	0	5.5	605	605	134	973000
7139935	bern	0	0	0	0	1	0	1	1	8.0	918	918	300	890000
7153607	bern	1	1	1	1	1	1	1	0	4.5	140	140	140	645000
7168141	bern	0	0	0	0	0	0	1	0	5.5	395	395	140	810000
7191889	bern	0	0	0	0	1	0	0	0	4.5	358	358	130	875000
7198535	bern	0	0	0	0	0	0	1	0	7.5	959	959	257	790000
7200431	bern	0	0	0	0	1	0	1	0	6.0	655	655	270	880000
6732872	bern	0	0	0	0	0	0	0	0	6.5	977	977	183	750000
7022057	bern	0	0	0	0	1	0	1	0	5.5	437	225	180	1150000
7147446	bern	1	1	1	1	1	0	1	1	5.5	333	333	143	995000
7176284	bern	0	0	1	0	1	0	1	0	5.5	476	188	188	1125000
7207134	bern	0	0	0	0	1	0	1	0	6.5	540	540	170	995000
7207510	bern	1	1	1	1	1	1	1	1	5.5	308	308	246	849000
7210873	bern	0	0	0	0	0	0	1	1	5.5	750	750	200	1290000
7052176	bern	1	1	1	0	1	0	1	1	7.0	800	800	200	995000
7127414	bern	0	0	0	0	0	0	1	0	6.5	3008	3008	350	4560000
7128415	bern	0	0	0	0	1	0	0	0	6.5	756	756	153	1340000
7170873	bern	1	1	1	1	1	0	1	1	4.5	369	369	129	595000
7175672	bern	1	1	1	1	1	0	1	1	5.5	785	785	130	668000
7187258	bern	0	0	0	0	0	0	0	0	6.5	225	225	225	890000
7194273	bern	0	0	0	0	0	0	0	0	5.5	425	425	181	960000
7208188	bern	1	1	1	1	1	0	1	1	9.0	933	268	268	1150000
7127266	bern	0	0	0	0	1	0	0	0	4.5	289	289	100	850000
7146690	bern	1	1	1	1	1	0	1	1	8.0	963	208	208	1750000
7163477	bern	0	1	0	0	0	0	1	1	5.5	833	833	833	1650000
7165548	bern	0	1	0	0	1	0	1	1	5.5	500	500	130	1029000
7203307	bern	0	0	0	0	1	0	1	1	20.0	2408	2408	1200	1950000
7205739	bern	0	0	0	0	0	0	0	0	13.5	1127	1101	475	3110000
7212843	bern	0	0	0	0	0	0	0	0	8.0	785	150	140	668000
7008656	bern	0	0	0	0	0	0	1	0	8.0	451	451	220	870000
7047621	bern	0	1	1	1	1	1	1	1	5.5	204	204	204	1360000
7114941	bern	1	1	0	0	1	0	0	1	7.5	700	700	190	610000
7170196	bern	0	0	0	0	1	0	0	1	5.5	500	170	137	845000
7170352	bern	0	0	0	0	0	0	0	0	10.0	361	361	217	1295000
7170890	bern	1	1	0	0	1	0	1	0	6.5	900	900	167	1380000
7191585	bern	0	0	0	0	0	0	1	0	6.0	1013	1013	165	750000
6244167	bern	0	0	0	1	0	0	0	1	7.5	1113	1113	167	1080000
6864519	bern	0	1	1	1	1	1	1	0	5.5	1172	1172	190	700000
6907316	bern	0	1	1	1	1	0	0	1	5.5	933	279	193	1900000
7005252	bern	0	0	0	0	0	0	0	0	6.0	220	220	137	1440000
7168030	bern	0	0	0	0	0	0	0	1	5.5	233	233	137	820000
7177751	bern	0	0	0	0	0	0	1	0	7.5	300	300	333	1700000
7184572	bern	0	0	0	0	1	0	1	1	4.5	503	503	129	450000
7121921	bern	1	1	1	0	1	0	1	0	5.5	230	230	125	860000
7143293	bern	0	0	0	0	1	0	0	0	6.5	221	221	163	930000
7150400	bern	1	1	1	0	1	0	1	1	7.5	1719	1719	273	1650000
7161478	bern	0	1	0	0	1	0	0	0	4.5	152	152	152	548000
7176778	bern	0	0	0	0	0	0	0	0	5.5	151	151	165	1245000
7187402	bern	0	0	0	0	0	0	1	0	7.0	969	969	209	1450000
7204022	bern	0	0	0	1	1	0	1	0	7.0	665	665	132	935000
6546251	bern	1	1	0	0	0	1	1	1	8.0	1780	1780	300	790000
6864425	bern	0	1	0	0	1	0	0	1	4.5	398	130	105	850000
7105493	bern	0	0	0	0	1	0	0	1	5.5	286	286	135	1290000
7152917	bern	0	0	0	0	0	0	1	0	7.5	1370	1370	640	2950000
7164321	bern	0	0	0	1	1	0	1	1	6.5	132	132	132	950000
7207605	bern	0	0	0	0	0	0	1	0	6.5	1476	1476	150	690000
7209107	bern	0	0	0	0	0	0	0	0	7.5	176	176	176	890000
7046119	bern	0	0	0	0	1	0	0	0	5.5	74	74	128	595000
7179381	bern	0	0	0	0	0	0	0	0	5.0	181	181	160	889000
7188519	bern	0	0	0	0	0	0	1	0	23.0	1265	1265	550	650000
7196649	bern	0	0	0	0	1	0	1	0	7.5	1400	88	215	469900
7200327	bern	0	0	0	0	0	0	1	1	5.5	1100	1100	200	1590000
7200697	bern	0	0	0	0	1	0	1	0	5.0	453	453	150	890000
7207987	bern	0	0	1	0	1	0	1	1	5.5	933	279	193	1395000
7210622	bern	0	1	1	1	1	1	1	0	4.5	281	281	106	745000
7143058	bern	0	0	0	0	1	0	1	0	5.0	216	216	150	939000
7181612	bern	0	0	0	0	0	0	1	0	5.5	525	525	130	180000
7183938	bern	0	1	1	0	1	0	0	1	5.5	233	233	163	1040000
7196319	bern	0	1	1	1	1	0	1	0	5.5	157	162	120	695000
7203433	bern	0	0	0	1	0	0	1	0	6.5	493	627	386	849000
7210153	bern	0	0	0	0	0	0	1	1	6.5	326	326	255	2350000
7211669	bern	0	0	0	0	0	0	0	1	7.0	498	498	123	625000
7075458	bern	0	0	0	1	1	0	0	1	6.5	176	176	129	1120000
7149439	bern	0	0	0	0	0	0	0	0	6.5	465	465	147	1018000
7168034	bern	0	0	0	1	0	0	1	1	8.5	200	200	200	1750000
7171099	bern	0	0	0	1	1	0	1	0	6.0	497	497	385	1490000
7175032	bern	0	0	0	0	0	0	1	0	20.0	1700	1700	1000	3500000
7179857	bern	0	0	0	0	0	0	0	0	5.5	182	182	182	120000
7189775	bern	0	0	0	0	0	0	0	0	6.0	188	188	188	2100000
7203023	bern	1	1	0	1	1	0	1	0	5.0	776	776	90	550000
6579212	zuerich	0	0	0	0	0	0	1	0	6.5	151	151	121	425000
6757412	zuerich	1	1	1	1	1	0	1	0	8.0	1110	1110	250	1495000
6995396	zuerich	0	0	0	0	1	0	1	1	5.5	549	549	130	680000
7062891	zuerich	0	0	0	1	0	0	0	0	5.5	205	205	163	1815000
7129162	zuerich	0	0	0	0	1	0	1	1	3.5	808	808	175	1750000
7145442	zuerich	0	0	0	0	1	0	1	1	7.5	716	716	172	1650000
7174544	zuerich	0	0	0	0	1	0	0	1	5.5	585	585	120	1499000
7184369	zuerich	0	0	0	1	1	0	0	0	6.5	469	469	153	940000
7187362	zuerich	0	0	0	0	0	0	1	0	6.5	548	548	160	2195000
7190406	zuerich	0	0	0	1	1	0	1	0	6.5	290	290	149	1250000
7213351	zuerich	0	0	0	1	1	0	0	0	4.5	350	350	218	1100000
7093517	zuerich	0	1	1	1	1	1	1	1	5.5	450	172	120	890000
7094687	zuerich	0	0	0	1	0	0	1	0	6.5	221	196	151	945000
7104289	zuerich	0	0	0	0	1	0	0	0	5.5	115	115	139	986000
7110119	zuerich	0	0	0	0	1	0	1	1	6.5	293	184	154	1985000
7117790	zuerich	0	1	1	1	1	0	1	1	5.5	346	346	150	1395000
7127942	zuerich	0	0	0	0	0	0	1	1	7.5	959	959	210	1790000
7172198	zuerich	0	0	0	0	0	0	0	0	5.5	130	130	130	890000
7180019	zuerich	0	0	0	0	0	0	1	0	7.5	325	325	160	1100000
7181655	zuerich	0	0	0	0	0	0	1	1	4.5	972	972	140	1395000
7208480	zuerich	1	1	1	1	1	0	1	1	6.5	1143	1143	174	1080000
6698174	zuerich	0	0	0	0	0	0	1	0	5.5	132	132	132	980000
6990835	zuerich	0	0	0	1	1	0	1	0	10.0	846	846	237	1195000
7051859	zuerich	0	0	0	0	1	0	1	0	5.0	826	239	180	550000
7060410	zuerich	0	0	0	0	0	0	0	0	5.5	856	856	148	1050000
7098223	zuerich	0	0	0	0	0	0	1	0	5.0	364	364	204	730000
7150993	zuerich	0	0	0	0	1	0	0	0	6.0	1667	1667	234	1320000
7164160	zuerich	1	0	1	0	1	0	0	1	8.5	604	604	315	1150000
7183828	zuerich	0	0	0	0	0	0	1	1	5.5	356	356	173	930000
7184318	zuerich	1	1	0	0	1	0	1	1	6.5	606	606	170	790000
7196569	zuerich	0	0	0	0	0	0	1	1	5.5	117	117	156	1290000
7213393	zuerich	0	0	0	0	0	0	0	0	5.5	738	738	119	690000
7026462	zuerich	0	0	0	0	0	0	0	0	5.5	350	350	160	1350000
7120111	zuerich	0	0	0	0	0	0	0	0	6.0	155	155	155	1350000
7161938	zuerich	0	0	0	1	1	0	1	1	5.5	198	198	166	1000000
7170595	zuerich	0	0	0	0	1	0	1	1	5.5	276	276	143	1280000
7188476	zuerich	0	0	0	0	0	0	0	0	5.5	276	276	145	1450000
7189951	zuerich	0	0	0	0	0	0	0	0	5.0	465	465	110	750000
7192723	zuerich	0	0	0	0	0	0	0	0	5.5	233	228	153	1410000
7197488	zuerich	0	0	0	0	0	0	0	0	10.0	588	588	220	1495000
7200843	zuerich	1	1	0	0	1	0	1	1	4.5	480	480	480	721000
7206882	zuerich	0	1	1	1	1	0	1	1	4.5	652	652	270	1440000
7214992	zuerich	0	0	0	0	1	0	1	0	4.5	206	206	192	1685000
7116308	zuerich	0	0	0	1	1	0	1	1	4.5	833	833	120	1225000
7148344	zuerich	0	1	1	1	1	0	1	1	6.5	495	495	212	2140000
7161030	zuerich	0	1	1	1	1	0	0	1	7.0	143	143	157	859000
7168902	zuerich	0	0	0	0	0	0	1	1	5.5	271	59	150	1660000
7173463	zuerich	0	0	0	0	1	0	1	0	8.5	559	559	238	1495000
7173619	zuerich	0	0	0	0	1	0	0	1	4.5	132	132	132	780000
7179087	zuerich	1	1	1	1	1	0	1	1	7.5	681	173	173	1400000
7202241	zuerich	0	0	0	0	1	0	0	1	4.5	140	140	140	898000
7214195	zuerich	0	0	0	0	0	0	0	0	7.5	1648	1648	1648	820000
6561423	zuerich	0	0	0	1	1	0	0	1	4.5	472	472	163	1720000
6680146	zuerich	0	0	0	0	1	0	0	0	5.5	160	160	160	995000
7073975	zuerich	0	0	0	0	1	0	0	1	6.5	634	634	223	2300000
7100683	zuerich	0	1	1	0	1	0	1	1	5.5	494	494	145	790000
7170970	zuerich	0	0	0	1	0	0	0	0	3.5	257	257	84	450000
7194819	zuerich	0	0	0	0	0	0	0	0	4.5	1260	1260	112	1095000
7202968	zuerich	0	0	0	0	0	0	0	0	3.5	164	164	101	410000
7206848	zuerich	0	0	0	1	1	0	0	0	6.5	484	484	180	1980000
7209637	zuerich	0	0	0	0	1	0	0	0	5.5	450	450	157	2530000
7210621	zuerich	0	1	1	1	1	0	1	1	4.5	784	784	154	2550000
6796894	zuerich	0	0	0	1	0	0	1	1	5.5	242	156	137	1125000
7061128	zuerich	0	0	0	0	1	0	1	0	4.5	100	100	100	599000
7094882	zuerich	0	0	0	0	0	0	0	1	4.5	777	777	140	740000
7132562	zuerich	0	0	0	0	0	0	0	1	4.5	141	141	125	1250000
7134761	zuerich	0	0	0	0	0	0	0	0	5.5	160	160	160	1670000
7182198	zuerich	0	0	0	0	0	0	1	1	10.0	2369	2369	2369	2695000
7206879	zuerich	1	1	1	1	1	0	1	0	4.5	566	566	160	790000
7207565	zuerich	0	0	0	0	0	0	1	0	4.5	786	786	130	1015000
7210727	zuerich	0	0	0	0	1	0	0	0	5.5	364	43	110	1500000
6990949	zuerich	0	0	0	1	0	0	1	1	6.5	265	265	210	1140000
7043995	zuerich	0	0	0	0	1	0	1	1	6.5	899	899	168	1300000
7125466	zuerich	0	0	0	1	1	0	0	0	5.5	371	371	107	950000
7144478	zuerich	0	0	0	0	0	0	0	0	5.5	341	223	193	1320000
7145527	zuerich	0	0	0	0	1	0	0	1	7.5	484	484	253	2750000
7157952	zuerich	1	1	1	1	1	1	1	1	5.0	354	178	117	698000
7180178	zuerich	0	0	0	0	1	0	0	0	5.5	339	339	168	785000
7214765	zuerich	0	0	0	0	0	0	0	0	6.5	421	421	163	1160000
6516465	zuerich	0	0	0	0	0	0	0	1	7.5	454	454	240	1400000
6900429	zuerich	0	0	0	0	0	0	0	1	7.5	767	767	185	1345000
7023359	zuerich	0	0	0	0	1	0	0	0	6.5	729	729	239	1850000
7094684	zuerich	0	0	0	1	0	0	1	0	6.5	250	202	150	965000
7137116	zuerich	0	1	1	1	1	0	1	0	4.5	312	147	98	980000
7145921	zuerich	0	0	0	0	1	0	1	0	5.5	455	455	167	1500000
7150307	zuerich	0	0	0	1	1	0	1	1	6.5	631	631	239	1700000
7184553	zuerich	0	0	0	0	0	0	0	0	5.5	598	598	130	1600000
6382269	zuerich	0	1	1	1	1	0	1	1	6.5	391	274	202	1480000
7040958	zuerich	0	0	0	0	0	0	0	0	3.0	184	20	62	195000
7126854	zuerich	0	0	0	0	1	0	1	1	6.5	669	669	252	3200000
7165756	zuerich	1	1	1	1	1	0	1	1	6.5	635	332	148	1690000
7183694	zuerich	0	0	0	0	0	0	1	0	4.5	342	139	139	498000
7188234	zuerich	0	0	0	0	0	0	1	0	5.5	239	239	142	1180000
7199740	zuerich	0	0	0	0	0	0	1	1	5.5	516	516	170	950000
7200188	zuerich	0	0	0	1	0	0	0	0	5.5	173	173	137	900000
7101469	zuerich	0	0	0	0	0	0	1	1	5.5	351	92	132	1480000
7166309	zuerich	0	0	0	0	1	0	1	0	10.0	624	624	336	2200000
7168286	zuerich	1	1	0	1	1	1	1	1	5.5	319	110	110	825000
7173729	zuerich	0	0	0	0	0	0	1	0	5.5	356	50	140	870000
7182263	zuerich	0	0	0	0	0	0	1	0	4.5	534	534	100	1350000
7184404	zuerich	0	0	0	0	0	0	1	0	4.5	271	271	150	710000
7193218	zuerich	0	0	0	0	0	0	1	0	7.5	428	428	163	1135000
7210000	zuerich	0	0	0	1	0	0	1	1	4.5	532	180	132	850000
6745864	zuerich	0	0	0	1	1	0	1	1	6.5	321	321	188	3299000
6819145	zuerich	0	0	0	0	0	0	1	0	6.0	145	145	165	895000
7097302	zuerich	0	0	0	0	0	0	1	1	8.5	842	842	265	2200000
7120242	zuerich	0	0	0	0	0	0	0	0	6.5	860	860	199	1890000
7166421	zuerich	0	0	0	0	1	0	0	1	6.5	669	669	160	1450000
7177680	zuerich	0	0	0	0	0	0	1	1	8.0	1546	1546	210	1360000
7189816	zuerich	1	1	1	1	1	1	0	1	5.5	129	172	147	995000
7209408	zuerich	0	0	0	0	1	0	1	1	7.5	1240	1240	170	2280000
7051807	zuerich	0	0	0	0	1	0	1	0	6.0	1009	910	910	4800000
7094940	zuerich	1	1	1	0	1	0	1	0	7.5	589	589	211	1350000
7152697	zuerich	0	1	1	1	1	0	1	1	8.0	1911	1911	414	4500000
7173740	zuerich	0	0	0	0	0	0	0	1	4.5	140	140	236	1990000
7173876	zuerich	0	0	0	0	0	0	0	0	4.5	220	220	196	1190000
7194935	zuerich	1	1	1	0	1	0	1	1	7.0	720	75	170	1100000
7208255	zuerich	0	0	0	0	0	0	0	0	6.0	1173	1173	285	2500000
7209603	zuerich	0	0	0	0	0	0	1	0	9.0	967	967	232	850000
5485100	zuerich	0	0	0	1	1	0	1	1	6.5	660	660	180	1005000
7036621	zuerich	0	1	1	1	1	0	1	0	4.5	106	135	90	845000
7055992	zuerich	0	0	0	0	0	0	1	1	6.5	202	56	123	850000
7135637	zuerich	0	1	1	1	1	0	0	1	5.5	210	210	210	1280000
7145602	zuerich	0	0	0	1	1	0	0	1	6.0	826	239	180	840000
7183734	zuerich	0	0	0	0	0	0	1	1	5.5	363	363	173	940000
7198540	zuerich	0	0	0	0	1	0	1	1	10.0	827	827	265	1440000
7204487	zuerich	0	0	0	1	0	0	1	1	5.5	618	618	149	1250000
6599401	zuerich	0	0	0	0	1	0	0	0	6.5	1412	1412	200	1650000
6865689	zuerich	0	0	0	0	0	0	0	0	5.5	456	158	106	1200000
7114809	zuerich	1	1	1	1	0	0	0	0	6.0	109	220	180	985000
7161080	zuerich	0	0	0	1	0	0	1	0	4.5	229	229	76	790000
7194054	zuerich	0	0	0	0	1	0	1	1	6.0	199	199	199	1250000
7196570	zuerich	0	0	0	0	0	0	1	1	5.5	931	931	931	2550000
7208700	zuerich	0	0	0	1	0	0	1	1	12.5	1342	1342	550	3895000
6899478	zuerich	0	0	0	0	1	0	1	1	6.5	1220	1220	120	1900000
7115756	zuerich	0	0	0	0	0	0	0	0	6.5	231	231	132	1460000
7145567	zuerich	0	0	0	1	0	0	1	1	4.5	1004	1004	135	1600000
7146738	zuerich	0	0	0	0	0	0	1	0	10.0	1382	1382	799	2600000
7166169	zuerich	0	0	0	0	1	0	1	0	5.5	432	362	262	1590000
7186851	zuerich	0	0	0	0	0	0	0	0	5.5	912	912	244	1450000
7197494	zuerich	0	0	0	0	1	0	0	1	7.5	176	176	176	1510000
7200749	zuerich	0	0	0	0	1	0	1	1	5.5	526	526	160	1400000
7202559	zuerich	0	0	0	0	1	0	1	0	7.5	269	269	176	770000
7214367	zuerich	0	0	0	0	0	0	0	1	5.5	582	582	110	880000
6924123	zuerich	0	0	0	0	0	0	0	1	6.5	993	993	212	1660000
6951710	zuerich	0	0	0	0	0	0	0	0	3.5	268	268	268	975000
7142801	zuerich	0	0	0	0	0	0	1	1	5.5	390	390	154	920000
7150523	zuerich	0	0	0	0	0	0	1	1	3.5	971	971	140	760000
7158310	zuerich	0	0	0	0	1	0	0	0	9.0	492	492	203	1250000
7165758	zuerich	1	1	1	1	1	0	1	1	5.5	331	331	118	930000
7196715	zuerich	0	0	0	1	1	0	1	1	4.5	130	130	130	975000
7201936	zuerich	0	0	0	0	0	0	0	0	4.5	654	654	82	720000
6900505	zuerich	0	0	0	0	1	0	0	0	8.5	996	512	340	2400000
6930680	zuerich	0	0	0	0	0	0	1	0	5.5	487	487	171	1650000
7129537	zuerich	0	0	0	0	0	0	1	1	6.5	433	433	190	660000
7168903	zuerich	0	0	0	0	1	0	1	0	5.5	220	66	184	820000
7178492	zuerich	0	0	0	1	1	0	1	1	6.5	330	330	193	1425000
7179366	zuerich	0	0	0	1	1	0	0	1	5.5	405	405	405	890000
7185149	zuerich	0	0	0	0	1	0	0	0	4.5	144	144	144	1055000
7188362	zuerich	0	0	0	0	0	0	0	0	6.5	227	227	227	1390000
7193927	zuerich	0	0	0	1	1	0	1	1	5.5	355	355	100	740000
7069737	zuerich	0	0	0	1	1	0	1	1	7.0	1270	1270	141	2175000
7126183	zuerich	0	0	0	0	1	0	1	0	7.5	304	304	173	880000
7128853	zuerich	0	0	0	0	1	0	1	0	6.5	301	301	191	1070000
7145482	zuerich	0	0	0	0	1	0	0	0	7.5	686	686	140	990000
7149461	zuerich	0	1	1	1	1	0	1	1	4.0	210	210	138	545000
7173592	zuerich	0	0	0	0	1	0	0	0	7.5	854	854	302	2190000
7193899	zuerich	0	1	1	1	1	0	1	1	8.0	1951	1951	264	1477037
7214928	zuerich	0	0	0	0	1	0	0	0	8.0	699	699	260	2150000
7031450	zuerich	0	0	0	1	1	0	0	0	4.5	269	269	100	1100000
7107420	zuerich	0	0	0	0	0	0	1	0	6.5	607	607	193	1350000
7141759	zuerich	0	1	1	1	1	1	1	1	5.5	299	299	147	1280000
7150772	zuerich	0	0	0	0	0	0	0	0	10.5	1485	1485	350	2780000
7170517	zuerich	0	0	0	1	1	0	1	1	7.5	1103	1103	245	2590000
7171071	zuerich	0	0	0	0	1	0	1	1	7.5	449	449	240	995000
7199709	zuerich	1	1	1	1	1	1	1	1	4.5	602	602	156	895000
7014111	zuerich	0	1	1	1	1	0	1	1	6.5	437	280	198	1580000
7025133	zuerich	0	0	0	1	0	0	1	1	5.5	85	167	158	895000
7124567	zuerich	0	1	1	1	1	0	1	1	4.5	500	500	156	1250000
7180020	zuerich	0	0	0	0	0	0	1	0	8.5	391	391	220	1350000
7185150	zuerich	0	0	0	0	1	0	0	0	4.5	130	130	130	1160000
7194246	zuerich	0	0	0	0	0	0	0	0	5.5	318	318	171	1630000
7201261	zuerich	0	0	0	0	1	0	1	1	8.5	603	603	603	990000
6745656	zuerich	0	0	0	1	1	0	1	1	4.5	388	76	115	1350000
7084102	zuerich	1	1	1	1	1	1	1	1	7.5	800	800	250	2230000
7107277	zuerich	0	0	0	0	0	0	0	0	9.5	1019	1019	260	2285000
7121096	zuerich	0	0	0	1	1	0	1	0	7.5	1247	1247	201	2420000
7201832	zuerich	0	0	0	1	0	0	1	1	6.5	263	263	190	889000
7204390	zuerich	0	0	0	1	1	0	1	1	5.0	1018	1018	194	2595000
7214001	zuerich	0	1	1	1	1	0	1	1	5.5	688	454	227	2290000
7087192	zuerich	0	0	0	1	1	0	1	0	4.0	191	191	82	449000
7112357	zuerich	0	0	0	0	0	0	0	0	8.5	1439	1439	231	1950000
7174483	zuerich	0	0	0	0	0	0	0	0	5.5	695	695	180	1390000
7184006	zuerich	0	0	0	1	1	0	1	0	2.5	130	130	40	160000
7188391	zuerich	0	0	0	0	1	0	1	1	7.5	615	615	170	1250000
7206820	zuerich	0	1	0	0	1	0	0	1	4.5	283	262	154	2750000
7214317	zuerich	0	0	0	1	0	0	1	0	4.5	218	218	109	620000
6758272	zuerich	0	0	0	0	1	0	1	1	8.5	871	871	251	1595000
7043399	zuerich	0	0	0	0	1	0	1	0	8.5	3457	3457	404	3400000
7099183	zuerich	0	0	0	0	1	0	1	0	4.5	789	789	789	1495000
7154589	zuerich	0	0	0	0	1	0	1	1	8.5	565	565	201	2265000
7177637	zuerich	0	1	1	1	1	0	1	0	6.0	343	155	114	930000
7177672	zuerich	1	1	1	1	1	1	1	1	4.5	709	709	709	885000
7189249	zuerich	0	0	0	0	0	0	1	1	5.5	1083	1083	220	3550000
6921829	zuerich	0	0	0	0	0	0	0	0	5.5	222	222	148	1070000
7016802	zuerich	0	0	0	1	1	0	1	1	6.5	393	393	186	820000
7132220	zuerich	1	1	1	1	1	0	1	1	9.0	995	372	284	4700000
7153952	zuerich	0	1	1	1	1	0	1	1	5.5	443	443	137	970000
7196646	zuerich	0	0	0	1	1	0	1	0	7.5	372	372	173	1265000
7200620	zuerich	0	0	0	1	0	0	0	0	5.5	84	84	84	490000
7214921	zuerich	0	0	0	0	1	0	1	0	5.5	727	727	727	5790000
6109377	zuerich	0	0	0	0	1	0	0	0	9.5	77000	77000	280	4400000
7030000	zuerich	1	1	1	1	1	1	1	1	9.5	1038	1038	300	3100000
7097606	zuerich	0	0	0	1	0	0	0	0	5.5	129	129	131	1680000
7127742	zuerich	0	0	0	0	0	0	0	0	5.5	509	509	178	2400000
7151986	zuerich	0	0	0	0	0	0	0	1	4.5	440	198	141	1970000
7189759	zuerich	0	0	0	0	1	0	1	1	4.5	376	376	135	1460000
7210468	zuerich	0	0	0	0	1	0	0	1	6.5	975	975	125	3000000
6984140	zuerich	1	1	1	1	1	1	1	1	7.0	980	800	200	875000
7137874	zuerich	0	0	0	0	0	0	1	1	5.5	835	835	147	1380000
7141307	zuerich	0	0	0	0	1	0	1	1	6.5	438	438	175	1695000
7145611	zuerich	0	0	0	1	1	0	0	1	5.5	229	244	244	825000
7167890	zuerich	0	0	0	1	1	0	1	1	5.5	281	130	150	890000
7207357	zuerich	0	0	0	0	0	0	0	0	6.5	317	317	258	1080000
7209919	zuerich	0	0	0	0	0	0	1	1	5.5	826	54	147	1460000
6516466	zuerich	0	0	0	0	0	0	0	1	5.5	455	455	197	1300000
7118630	zuerich	0	0	0	0	0	0	0	0	5.5	458	458	164	1925000
7162361	zuerich	0	0	0	0	0	0	1	1	4.5	234	234	234	1470000
7174545	zuerich	0	0	0	0	0	0	0	0	4.5	245	172	129	1180000
7189214	zuerich	0	1	1	1	1	0	1	1	5.5	288	288	288	1380000
7190394	zuerich	1	1	1	1	1	1	1	1	4.5	549	150	170	1500000
7200750	zuerich	0	0	0	0	0	0	1	1	5.5	2593	2593	160	1580000
6523568	zuerich	0	0	0	0	0	0	0	0	4.5	464	464	143	1700000
7166845	zuerich	0	1	1	0	1	0	1	0	4.5	386	185	132	895000
7199448	zuerich	1	1	1	1	1	1	1	1	8.5	988	988	310	1940000
7203168	zuerich	0	0	0	1	1	0	1	1	5.5	210	210	210	2450000
7205995	zuerich	0	0	0	1	1	0	1	1	8.0	847	993	314	3500000
7213275	zuerich	1	1	0	0	1	0	1	1	8.0	826	239	180	850000
6975946	zuerich	0	0	0	0	0	0	0	0	11.0	232	232	260	825000
7079632	zuerich	0	0	0	1	1	0	1	1	5.5	243	182	129	925000
7087975	zuerich	0	0	0	0	1	0	1	0	5.5	604	122	148	1100000
7176453	zuerich	0	0	0	1	1	0	1	1	9.0	643	332	332	2660000
7183809	zuerich	0	0	0	0	0	0	0	0	2.5	112	112	90	450000
7200573	zuerich	0	0	0	0	1	0	1	1	5.5	357	357	95	930000
7214050	zuerich	0	0	0	0	1	0	1	1	4.5	632	632	130	985000
7079467	zuerich	0	0	0	0	0	0	1	0	6.5	205	205	180	1690000
7170389	zuerich	1	1	1	1	1	0	1	0	6.5	516	145	145	850000
7180068	zuerich	0	0	0	0	1	0	1	1	6.5	674	674	260	2350000
7197581	zuerich	0	0	0	0	1	0	1	0	5.5	338	338	338	890000
7199285	zuerich	0	0	0	0	1	0	1	0	5.5	139	139	139	1430000
7200567	zuerich	0	0	0	0	1	0	1	1	6.5	335	335	170	910000
7211598	zuerich	0	0	0	0	1	0	1	1	6.5	452	452	168	1290000
5485101	zuerich	0	0	0	1	1	0	1	1	6.5	660	660	180	980000
6878881	zuerich	0	0	0	0	0	0	1	0	5.5	387	387	83	1190000
7061087	zuerich	0	0	0	1	1	0	1	1	5.5	191	183	140	945000
7097562	zuerich	0	0	0	0	0	0	0	0	5.5	826	239	180	1195000
7157814	zuerich	0	0	0	0	0	0	0	0	6.5	272	272	149	1290000
7170765	zuerich	0	0	0	0	1	0	1	1	7.5	47000	47000	220	1480000
7209922	zuerich	0	0	0	0	1	0	1	1	8.0	1204	1204	263	1695000
7210725	zuerich	0	0	0	0	1	0	1	1	7.0	837	837	185	1900000
6516464	zuerich	0	0	0	0	0	0	0	1	7.5	433	433	240	1450000
6960712	zuerich	0	0	0	0	0	0	0	0	10.5	220	220	220	1390000
7057352	zuerich	0	1	1	1	1	0	1	1	6.5	302	282	220	1395000
7164133	zuerich	0	0	0	0	0	0	0	0	6.5	2003	2003	180	2200000
7173690	zuerich	0	0	0	0	0	0	1	1	6.5	538	538	137	910000
7213301	zuerich	0	0	0	0	1	0	0	1	8.0	1800	1800	330	15000000
7214861	zuerich	0	0	0	0	0	0	0	0	5.5	160	160	160	795000
6992003	zuerich	0	0	0	0	1	0	0	0	7.5	654	654	240	1900000
7047529	zuerich	1	1	1	1	1	0	1	1	6.5	470	438	175	1250000
7048767	zuerich	0	0	0	0	1	0	0	0	4.5	200	200	124	550000
7173717	zuerich	0	0	0	1	0	0	1	1	5.5	331	331	114	795000
7179002	zuerich	0	0	0	1	1	0	1	0	4.5	320	320	120	1120000
7183954	zuerich	0	0	0	0	0	0	0	1	4.5	945	945	161	2720000
7203200	zuerich	0	0	0	0	1	0	1	1	4.5	184	184	184	1790000
6904920	zuerich	0	0	0	1	1	0	1	0	7.5	994	994	233	2200000
7061127	zuerich	0	0	0	0	0	0	0	0	6.5	385	385	229	3200000
7145368	zuerich	0	0	0	0	1	0	1	1	6.5	743	743	199	1150000
7157042	zuerich	0	1	1	0	1	0	1	1	3.5	930	930	120	855000
7178247	zuerich	0	0	0	0	1	0	1	1	6.5	869	311	223	2320000
7189043	zuerich	0	0	0	1	0	0	0	0	6.0	135	135	135	675000
7202971	zuerich	0	0	0	0	0	0	0	0	4.5	2216	2216	158	1590000
6547466	zuerich	0	0	0	0	1	0	0	1	6.5	797	797	270	2395000
7071810	zuerich	0	1	1	0	1	0	1	1	5.5	499	499	196	1780000
7147478	zuerich	0	1	1	0	1	0	0	1	5.5	396	297	165	2850000
7167961	zuerich	0	0	0	0	0	0	1	0	5.5	319	319	140	890000
7177729	zuerich	0	0	0	0	1	0	1	0	7.5	665	665	209	1490000
7191638	zuerich	1	1	0	1	1	0	1	1	6.5	1438	1438	1438	1450000
3523966	zuerich	0	1	1	1	1	1	1	1	6.5	381	381	190	993000
7056528	zuerich	0	0	0	1	1	0	1	1	6.5	1584	1584	210	3100000
7073417	zuerich	0	0	0	0	0	0	0	0	6.5	690	690	690	1450000
7117811	zuerich	0	0	0	0	0	0	1	1	6.5	660	660	180	2100000
7165609	zuerich	0	0	0	0	0	0	1	1	4.5	668	668	124	960000
7173824	zuerich	0	0	0	0	0	0	0	0	7.5	653	653	218	1295000
7186227	zuerich	0	0	0	0	0	0	0	0	5.5	1204	1204	153	830000
7193842	zuerich	0	0	0	0	1	0	0	0	5.5	292	292	148	830000
7079280	zuerich	0	0	1	1	1	0	1	1	5.5	579	579	165	1500000
7174953	zuerich	0	0	0	0	1	0	0	1	7.5	782	782	190	950000
7182680	zuerich	0	0	0	0	0	0	1	1	7.5	817	215	215	1850000
7183579	zuerich	0	0	0	0	0	0	1	0	6.0	1143	1143	1143	550000
7189821	zuerich	1	1	1	0	1	0	1	0	6.0	130	130	105	650000
7200910	zuerich	0	0	0	1	1	0	0	0	7.5	634	288	192	1550000
6808253	zuerich	0	0	0	0	1	0	0	1	4.5	114	114	105	590000
7062446	zuerich	0	0	0	0	1	0	0	1	5.0	275	275	130	695000
7066546	zuerich	0	0	0	0	1	0	1	1	5.5	347	347	181	1600000
7080731	zuerich	0	0	0	0	1	0	0	0	3.5	82	82	82	740000
7128801	zuerich	0	0	0	1	1	0	1	1	5.5	252	209	160	830000
7168407	zuerich	0	0	0	1	0	0	0	0	6.5	1183	1183	181	1360000
7185146	zuerich	0	0	0	0	1	0	0	0	4.5	130	130	130	1160000
7202564	zuerich	0	0	0	0	1	0	0	0	5.5	166	166	110	750000
6855951	zuerich	0	0	0	0	0	0	0	0	5.5	329	329	196	1250000
7073022	zuerich	0	0	0	0	1	0	0	1	5.5	515	515	220	1800000
7092659	zuerich	0	0	0	0	1	0	1	1	4.0	187	187	95	870000
7188255	zuerich	0	0	0	1	1	0	1	1	4.5	291	209	154	1450000
7197477	zuerich	0	0	0	0	1	0	1	0	4.5	639	169	87	590000
7202918	zuerich	0	1	1	1	1	0	1	1	6.5	316	316	156	1375000
7204187	zuerich	0	0	0	0	0	0	1	1	5.0	623	623	150	1545000
7062209	zuerich	0	0	0	0	1	0	1	0	8.0	381	381	200	690000
7110101	zuerich	0	1	1	1	1	0	1	1	5.5	251	251	145	1390000
7119039	zuerich	0	0	0	1	0	0	1	0	7.5	614	614	164	1470000
7145180	zuerich	0	1	1	1	1	0	1	1	6.5	450	450	195	1890000
7152911	zuerich	0	0	0	0	0	0	1	0	6.5	653	653	161	1103000
7181987	zuerich	0	0	0	0	1	0	0	0	5.5	1045	1045	1045	875000
7190128	zuerich	0	0	0	1	1	0	1	1	4.5	504	504	137	790000
6568671	zuerich	0	1	1	1	1	0	0	1	5.5	397	217	280	1310000
6784947	zuerich	0	0	0	0	0	0	1	0	6.5	560	560	193	1475000
7152575	zuerich	0	1	0	1	1	0	1	1	8.0	973	400	250	1850000
7157792	zuerich	0	0	0	0	1	0	1	0	8.5	766	766	181	1550000
7194371	zuerich	0	0	0	0	0	0	1	0	6.0	390	390	125	870000
7214281	zuerich	0	0	0	1	1	0	1	1	4.5	760	760	154	850000
7019366	zuerich	0	1	1	1	1	0	1	1	5.5	308	308	154	830000
7026492	zuerich	0	1	0	0	1	0	0	1	5.5	271	187	163	1478500
7050417	zuerich	0	0	0	0	0	0	0	0	4.5	397	397	117	970000
7184007	zuerich	0	0	0	1	1	0	1	0	6.0	130	130	130	160000
7187519	zuerich	0	0	0	1	0	0	1	1	8.5	964	964	180	1046000
7202976	zuerich	0	0	0	0	0	0	0	0	5.5	618	618	187	1150000
7213187	zuerich	0	0	0	0	0	0	0	0	6.0	418	418	418	331000
6470217	zuerich	0	0	0	1	0	0	1	0	5.5	443	443	179	1195000
6965619	zuerich	0	0	0	1	0	0	0	0	5.5	262	198	147	1230000
7050457	zuerich	0	0	0	0	0	0	1	0	6.5	277	44	190	780000
7058147	zuerich	0	0	0	0	0	0	1	0	11.5	993	993	243	1850000
7148509	zuerich	0	0	0	1	0	0	1	1	9.0	1007	1007	196	2250000
7182793	zuerich	0	0	0	0	1	0	0	0	4.5	667	667	170	970000
7193857	zuerich	1	1	1	1	1	1	1	1	6.5	650	220	175	1780000
6993261	zuerich	0	0	0	0	1	0	1	0	6.0	1005	1005	258	1580000
7148043	zuerich	0	0	0	0	1	0	0	1	5.5	449	449	220	1830000
7158997	zuerich	0	0	0	1	1	0	1	0	4.5	482	482	482	1200000
7168161	zuerich	0	0	0	0	0	0	1	0	2.5	367	367	367	680000
7180179	zuerich	0	0	0	0	1	0	0	0	5.5	550	550	130	885000
7201933	zuerich	0	0	0	0	1	0	1	0	7.0	186	186	220	1250000
7206056	zuerich	0	0	0	0	0	0	0	0	4.5	431	431	114	1440000
7207124	zuerich	0	0	0	0	0	0	0	1	6.5	323	323	165	1995000
7076271	zuerich	0	0	0	1	0	0	1	0	7.0	851	851	193	688000
7152518	zuerich	0	0	0	0	1	0	0	1	6.5	348	130	200	755000
7170972	zuerich	0	0	0	0	0	0	1	0	5.5	744	744	186	1350000
7188903	zuerich	1	1	1	1	1	0	1	1	6.5	1634	1634	214	1790000
7192666	zuerich	0	0	0	0	0	0	0	0	6.5	148	148	148	895000
7202305	zuerich	0	0	0	0	1	0	1	1	6.5	994	994	227	2200000
6716835	zuerich	0	0	0	0	0	0	0	0	5.5	550	550	150	1360000
7160295	zuerich	0	0	0	1	0	0	0	1	4.5	216	216	216	715000
7174948	zuerich	1	1	1	1	1	1	1	1	6.0	445	220	147	1180000
7183731	zuerich	0	0	0	0	0	0	1	1	5.5	540	540	173	1030000
7213062	zuerich	0	0	0	0	0	0	1	1	6.0	578	578	226	1380000
7213253	zuerich	0	1	1	1	1	1	0	1	7.5	480	320	320	1800000
7058128	zuerich	0	0	0	0	0	0	0	1	5.5	316	316	129	1270000
7089918	zuerich	0	1	1	1	1	1	1	1	6.5	279	230	170	1190000
7098232	zuerich	0	0	0	0	1	0	1	0	10.0	2545	2545	2545	1150000
7106771	zuerich	0	0	0	1	1	0	1	0	5.5	389	389	152	1415000
7145518	zuerich	0	0	0	0	1	0	0	1	4.5	329	329	100	780000
7214320	zuerich	0	0	0	0	0	0	1	0	5.5	311	311	167	895000
6452594	zuerich	0	0	0	0	1	0	0	0	6.5	6591	6591	200	1690000
6471849	zuerich	0	0	0	0	1	0	0	1	6.5	655	655	207	1260000
6792533	zuerich	1	1	0	1	1	0	1	1	8.5	1104	452	254	1500000
7145375	zuerich	0	0	0	1	0	0	1	0	5.5	99	99	130	995000
7146754	zuerich	0	0	0	0	0	0	0	0	7.0	230	230	176	740000
7214958	zuerich	0	0	0	0	1	0	1	0	6.0	225	225	160	635000
7135285	zuerich	0	0	0	0	0	0	1	1	6.5	468	468	246	2550000
7161726	zuerich	0	0	0	0	1	0	1	1	7.5	1032	1032	180	1098278
7168342	zuerich	0	0	0	0	0	0	0	0	7.0	599	599	140	980000
7187685	zuerich	0	0	0	0	0	0	1	1	5.5	232	232	140	1125000
7199297	zuerich	0	0	0	0	0	0	1	1	9.5	855	855	246	927000
7199633	zuerich	0	0	0	1	1	0	1	0	5.5	259	177	177	1550000
7211671	zuerich	0	0	0	0	0	0	0	1	5.5	514	514	120	940000
6850196	zuerich	0	0	0	0	0	0	1	0	7.0	180	180	180	1570000
6983501	zuerich	1	1	0	0	1	0	1	1	5.5	912	912	260	1520000
7003822	zuerich	0	0	0	0	0	0	0	0	11.0	826	239	180	3400000
7168510	zuerich	0	0	0	1	0	0	1	0	3.5	243	243	70	480000
7177670	zuerich	0	0	0	0	0	0	0	0	8.5	320	55	270	2250000
7179048	zuerich	0	0	0	0	0	0	1	1	4.5	564	564	175	1450000
7199190	zuerich	1	1	1	0	1	0	1	1	5.5	250	250	136	760000
6778053	zuerich	0	0	0	0	0	0	0	0	6.5	450	450	211	1400000
7115754	zuerich	0	0	0	0	0	0	0	0	6.5	268	268	130	1520000
7146208	zuerich	0	0	0	0	1	0	1	0	3.5	131	131	92	450000
7179107	zuerich	0	0	0	0	0	0	0	0	5.0	1496	1496	104	720000
7199343	zuerich	0	1	1	0	1	0	1	1	5.5	420	420	224	2215000
7211971	zuerich	0	0	0	0	0	0	1	1	6.5	370	370	207	1135000
7213898	zuerich	0	0	0	0	0	0	1	1	5.5	888	888	211	2400000
6901644	zuerich	0	0	0	1	1	0	1	0	7.5	827	827	335	965000
6901877	zuerich	1	1	1	1	1	0	1	0	6.5	266	266	200	1130000
7145568	zuerich	0	0	0	1	1	0	1	0	6.5	538	538	180	1200000
7165641	zuerich	0	0	0	0	1	0	1	1	6.5	354	354	120	725000
7168117	zuerich	0	0	0	0	0	0	1	1	5.5	664	664	280	1895000
7200307	zuerich	0	1	1	1	1	0	1	1	5.0	1010	1010	174	1920000
7213227	zuerich	0	0	0	0	1	0	1	1	6.5	470	470	130	980000
6417757	zuerich	0	1	1	1	1	0	1	1	5.5	311	311	185	1385000
7073671	zuerich	0	0	0	0	0	0	0	0	8.0	2259	2259	204	1190000
7128093	zuerich	0	0	0	0	1	0	0	0	4.5	409	409	123	1200000
7161289	zuerich	0	1	0	0	0	0	0	1	5.5	240	140	140	610000
7183829	zuerich	0	0	0	0	0	0	1	1	5.5	344	344	173	920000
7209641	zuerich	0	0	0	0	0	0	0	0	5.5	1288	1288	321	2675000
7213485	zuerich	0	0	0	0	1	0	1	1	5.5	200	200	180	1200000
6784141	zuerich	0	0	0	0	0	0	0	0	6.5	544	544	544	1950000
6882169	zuerich	0	0	0	0	1	0	0	1	7.5	249	249	180	990000
6903978	zuerich	0	0	0	0	1	0	0	0	9.0	50517	50517	305	5900000
7165869	zuerich	1	1	1	1	1	1	1	1	5.5	668	668	138	1900000
7187259	zuerich	0	0	0	1	1	0	1	1	5.5	599	185	185	1235000
7199601	zuerich	0	1	1	0	1	0	0	1	5.5	529	529	174	1278000
6990132	zuerich	0	0	0	1	0	0	0	0	5.5	699	260	185	1690000
6999515	zuerich	0	0	0	0	0	0	0	1	5.5	168	168	197	1560000
7047212	zuerich	0	0	0	1	1	0	0	0	4.5	370	257	154	1430000
7124728	zuerich	0	0	0	0	1	0	0	0	7.5	714	714	141	2275000
7155250	zuerich	0	0	0	0	0	0	1	1	5.5	647	647	176	1890000
7182794	zuerich	0	0	0	0	0	0	1	1	5.5	393	240	154	1540000
6903840	zuerich	0	0	0	0	1	0	1	1	7.0	87	105	86	495000
7025410	zuerich	0	0	0	1	0	0	1	1	6.5	659	659	163	1200000
7118717	zuerich	0	0	0	0	1	0	1	0	8.0	697	697	222	1280000
7187646	zuerich	1	1	1	1	1	1	1	1	7.5	900	190	240	1730000
7199634	zuerich	0	0	0	1	1	0	1	0	5.5	259	177	177	1550000
7012002	zuerich	1	0	1	1	1	0	1	1	4.5	200	200	91	485000
7112931	zuerich	0	0	0	0	0	0	0	0	8.5	1727	1727	350	3780000
7150205	zuerich	0	0	0	1	1	0	1	1	6.5	336	336	196	3450000
7207179	zuerich	0	0	0	0	1	0	1	0	6.5	743	743	190	1980000
7209513	zuerich	0	0	0	0	1	0	0	1	5.0	845	845	129	1190000
7213482	zuerich	0	0	0	0	0	0	0	0	5.0	837	837	92	650000
6993715	zuerich	1	1	0	0	1	0	1	1	8.0	826	239	180	790000
7164156	zuerich	0	1	1	1	1	0	1	1	6.5	601	601	154	1390000
7174514	zuerich	0	0	0	0	1	0	0	0	4.5	228	228	90	670000
7183576	zuerich	0	0	0	0	0	0	0	0	6.5	234	234	160	760000
7192167	zuerich	1	1	0	0	1	0	1	1	6.5	540	540	140	1138000
7200417	zuerich	0	0	0	0	0	0	0	0	5.5	823	823	174	1190000
7211349	zuerich	0	0	0	0	1	0	1	0	5.5	168	168	130	1300000
6730641	zuerich	0	0	0	0	0	0	1	0	4.5	450	450	99	900000
6929260	zuerich	0	0	0	0	0	0	0	0	5.5	480	480	125	895000
7050421	zuerich	0	0	0	0	0	0	0	0	4.5	261	261	112	935000
7131190	zuerich	0	0	0	1	1	0	0	1	5.5	90	145	120	1200000
7187154	zuerich	0	0	0	0	0	0	1	0	5.5	710	710	93	750000
7204623	zuerich	0	0	0	0	0	0	1	1	5.5	791	791	109	925000
7208802	zuerich	0	0	0	0	1	0	1	1	4.5	143	143	120	645000
7087693	zuerich	0	0	0	0	0	0	1	1	7.5	814	814	239	2390000
7091648	zuerich	1	1	1	1	1	0	1	1	6.5	270	304	170	1620000
7203169	zuerich	0	0	0	1	1	0	1	1	6.5	415	293	206	1640000
7204486	zuerich	0	0	0	0	0	0	0	1	4.5	141	141	141	1690000
7214934	zuerich	0	0	0	0	1	0	1	0	5.5	803	803	803	6315000
6966669	zuerich	0	0	0	0	0	0	0	0	5.0	345	345	148	1470000
7037612	zuerich	0	0	0	0	0	0	1	0	6.5	1343	183	195	1380000
7125625	zuerich	1	1	1	1	1	0	1	1	11.0	1682	380	397	1850000
7170250	zuerich	0	0	0	0	0	0	0	0	4.5	402	402	112	980000
7186521	zuerich	0	0	0	0	1	0	1	1	7.0	1926	454	454	2500000
7188236	zuerich	0	0	0	0	1	0	0	0	5.5	510	510	188	2250000
6415017	zuerich	1	1	1	1	1	0	1	1	5.5	356	155	140	1080000
6769434	zuerich	0	0	0	0	0	0	1	1	7.5	749	749	149	925000
7125932	zuerich	0	1	1	1	1	0	1	1	5.5	555	246	214	1620000
7199296	zuerich	0	0	0	0	1	0	1	1	5.5	820	820	150	1065000
7215013	zuerich	0	0	0	0	0	0	1	1	5.5	640	640	160	1498000
6537246	zuerich	0	0	0	1	1	0	1	0	5.5	445	445	156	895000
6821882	zuerich	0	0	0	0	0	0	1	0	2.0	311	311	311	400000
7121083	zuerich	1	1	1	1	1	1	1	1	5.0	354	178	117	698000
7189181	zuerich	0	0	0	0	1	0	0	1	6.0	1051	1051	166	2190000
7205854	zuerich	0	0	0	0	1	0	1	0	5.5	195	195	161	940000
6806288	bern	0	0	0	0	1	0	0	1	8.0	300	300	250	969000
7030101	bern	0	0	0	0	0	0	0	0	6.5	580	390	230	1400000
7109156	bern	0	0	0	1	1	0	1	1	6.5	1657	218	175	1075000
7131102	bern	0	0	0	0	1	0	1	0	6.5	1077	1077	191	920000
7150921	bern	0	0	0	0	0	0	0	0	6.0	1174	1174	1174	950000
7207433	bern	1	0	0	0	0	0	1	0	6.5	673	220	150	530000
7209396	bern	0	0	0	0	0	0	0	0	7.5	1000	1000	180	695000
6916987	bern	0	0	0	0	1	0	0	1	6.0	776	180	180	1800000
7046537	bern	1	1	1	1	1	0	1	1	6.5	456	456	160	1150000
7068882	bern	0	0	0	0	0	0	0	0	6.0	277	277	277	380000
7130569	bern	0	0	0	0	0	0	0	0	5.5	1538	1538	190	1850000
7134262	bern	1	1	1	1	1	0	1	1	7.5	1810	395	204	1550000
7159704	bern	0	0	0	0	0	0	1	0	5.5	540	130	122	598000
7197567	bern	0	0	0	0	1	0	0	0	13.0	3248	3248	3248	1700000
6968736	bern	0	0	0	0	1	0	1	0	7.5	912	365	295	3600000
7111585	bern	0	0	0	0	1	0	0	1	9.0	3238	3238	200	950000
7124527	bern	0	1	1	1	1	0	1	1	4.5	495	250	164	740000
7165495	bern	0	0	0	0	1	0	1	1	4.0	612	612	215	690000
7173871	bern	0	0	0	1	1	0	1	1	6.5	335	182	147	1195000
7195271	bern	0	0	0	1	0	0	1	1	5.5	735	735	98	1030000
6559880	bern	0	1	1	1	1	0	1	0	5.5	253	50	164	1032000
6777182	bern	0	1	1	1	1	1	1	1	7.5	551	551	156	980000
7167884	bern	1	1	1	1	1	1	1	1	5.5	1149	1149	152	1330000
7174634	bern	0	0	0	0	1	0	0	0	3.5	457	457	131	1100000
7199186	bern	0	0	0	0	0	0	1	1	5.5	494	494	165	1163000
7204408	bern	1	1	1	1	1	0	1	0	5.0	368	368	110	740000
7025473	bern	0	0	0	0	0	0	1	0	7.5	1440	1440	300	2680000
7080427	bern	0	0	0	0	0	0	1	1	5.5	1272	1272	210	1090000
7085463	bern	0	1	1	1	1	0	1	1	8.0	826	250	210	795000
7150473	bern	0	1	1	1	1	1	1	1	6.5	1000	1000	185	1850000
7195598	bern	0	0	0	0	0	0	0	0	8.0	301	301	244	850000
7197536	bern	0	0	0	0	0	0	0	0	3.5	441	441	441	460000
7080872	bern	0	0	0	0	0	0	1	0	7.5	536	236	196	1090000
7129103	bern	0	1	1	0	1	1	0	0	4.5	220	220	145	910000
7180037	bern	0	0	0	0	1	0	1	0	6.0	492	492	492	295000
7180407	bern	0	0	0	0	1	0	0	0	2.5	65	65	66	328000
7190306	bern	0	0	0	0	1	0	1	0	6.0	421	421	204	1165000
7195346	bern	0	1	1	1	1	1	1	1	5.5	352	352	200	950000
7204626	bern	0	0	0	0	0	0	1	0	5.5	300	300	155	930000
6894294	bern	0	0	0	0	0	0	0	1	4.5	158	158	128	710000
7001680	bern	0	0	0	1	0	0	1	1	7.0	764	764	173	995000
7188891	bern	1	1	1	0	1	0	1	1	8.5	958	958	250	2220000
7197996	bern	0	0	0	0	1	0	1	1	14.0	971	971	340	1550000
7201810	bern	0	0	0	0	0	0	1	0	5.5	1580	1580	320	799000
7202697	bern	0	0	0	0	0	0	0	0	6.5	270	270	270	1230000
7211642	bern	0	0	0	0	1	0	0	0	9.0	185	185	300	2800000
7087768	bern	0	0	0	0	0	0	0	0	14.0	2537	2537	340	2500000
7101389	bern	1	1	0	0	0	0	1	1	6.0	3245	3245	3245	900000
7135645	bern	0	0	0	0	1	0	1	1	6.5	733	251	230	1395000
7189931	bern	0	0	0	0	1	0	1	1	6.5	221	221	221	720000
7209708	bern	0	0	0	1	1	0	1	0	4.0	1009	1009	82	675000
7213238	bern	0	0	0	0	0	0	1	1	4.5	551	551	119	845000
6949569	bern	0	0	0	0	1	0	1	1	6.5	532	532	160	845000
7111424	bern	0	0	0	1	1	0	1	1	9.0	1412	1412	535	1290000
7168119	bern	0	0	0	0	0	0	0	1	5.5	269	269	137	820000
7173723	bern	0	0	0	0	1	0	1	0	5.5	462	462	220	1120000
7174988	bern	0	0	0	0	1	0	1	0	4.5	4895	4895	105	980000
7186777	bern	0	0	0	0	0	0	1	1	9.5	1000	1000	240	790000
7189238	bern	0	0	0	0	0	0	1	1	3.5	80	80	79	585000
7203162	bern	0	0	0	0	1	0	1	1	20.0	31000	1500	1500	9490000
7205711	bern	0	0	0	0	1	0	1	1	9.0	763	230	275	1980000
7031994	bern	0	0	0	0	1	0	1	0	4.5	481	200	130	1090000
7073664	bern	0	0	0	0	0	0	1	0	9.5	1170	580	360	2990000
7124594	bern	0	0	0	0	1	0	0	0	5.5	268	170	148	960000
7183610	bern	1	1	0	0	1	0	1	0	5.5	309	193	103	970000
7188797	bern	0	0	0	0	0	0	0	1	21.0	1716	1716	1000	3500000
7200272	bern	1	1	1	1	1	0	1	1	5.5	1621	341	214	985000
6841089	bern	0	0	0	0	0	0	0	0	5.5	747	747	134	992000
6888012	bern	0	0	0	0	0	0	0	0	6.5	705	203	193	995000
7024200	bern	0	0	0	0	0	0	0	0	4.5	1199	1199	163	980000
7038389	bern	0	0	0	1	1	0	1	0	5.5	374	374	120	775000
7064745	bern	0	1	1	1	1	0	1	1	3.5	1372	234	203	2890000
7091274	bern	0	0	0	1	1	0	1	1	4.5	205	205	116	1175000
7176668	bern	0	0	0	0	0	0	0	0	6.0	633	633	140	850000
7156973	bern	0	0	0	0	1	0	0	1	5.5	1019	232	141	1650000
7164286	bern	0	0	0	1	1	0	1	1	5.5	469	260	170	1180000
7191680	bern	1	1	1	0	1	0	1	1	6.5	1287	1287	220	1570000
7198023	bern	0	0	0	0	0	0	1	0	4.5	460	460	113	715000
7205906	bern	0	0	0	0	0	0	1	0	5.5	174	174	167	820000
7211628	bern	0	0	0	0	1	0	1	1	6.5	899	899	168	1295000
7126169	bern	0	0	0	0	1	0	0	0	6.5	358	358	125	850000
7127418	bern	0	0	0	0	0	0	0	0	4.5	428	170	130	975000
7152558	bern	1	1	0	1	1	0	0	0	7.5	667	667	138	440000
7180018	bern	0	0	0	0	1	0	1	1	7.0	451	451	159	890000
7182026	bern	1	1	0	0	1	1	1	1	11.5	842	165	300	1480000
7187810	bern	0	0	0	0	0	0	1	0	4.5	824	100	100	610000
4283435	bern	1	1	1	1	1	1	1	1	8.0	1134	30	150	1090000
7132005	bern	0	0	0	0	0	0	1	1	8.0	662	218	156	850000
7161932	bern	0	0	0	0	1	0	1	0	3.0	218	218	53	480000
7188372	bern	1	1	0	0	1	1	1	1	4.5	2234	2234	156	450000
7195073	bern	0	0	0	0	1	0	1	0	6.5	911	911	367	595000
7200330	bern	0	0	0	0	0	0	0	1	5.5	608	608	140	1050000
6976501	bern	0	0	0	0	0	0	0	1	5.0	1383	1383	140	1040000
7130565	bern	0	0	0	0	0	0	0	0	5.5	138	138	138	880000
7148446	bern	1	1	1	1	1	0	1	1	4.0	182	182	111	750000
7157895	bern	0	0	0	0	1	0	0	0	12.0	1624	1624	308	1790000
7176617	bern	1	1	1	1	1	1	1	1	4.5	272	272	114	620000
7192942	bern	0	0	0	0	1	0	1	0	5.5	825	825	120	990000
7208626	bern	0	0	0	0	0	0	1	0	12.0	3300	3300	3300	1695000
7209101	bern	0	0	0	1	1	0	1	0	5.5	348	348	206	1029000
6939396	bern	0	0	0	0	1	0	1	1	5.5	168	168	168	1190000
7161023	bern	1	1	1	1	1	0	1	0	5.5	494	102	167	963000
7167049	bern	0	0	0	1	1	0	1	1	5.0	754	754	148	1070000
7186293	bern	0	0	0	0	1	0	0	0	4.5	132	132	132	580000
7207324	bern	0	0	0	1	1	0	0	0	5.5	641	641	147	570000
7209102	bern	0	0	0	0	1	0	0	0	5.5	1206	1206	185	1060000
6947017	bern	0	1	0	0	1	0	1	1	8.5	448	448	448	990000
7115900	bern	0	0	0	0	0	0	1	0	6.5	373	373	110	560000
7124666	bern	0	0	0	0	1	0	0	0	6.5	170	235	186	1490000
7164233	bern	1	1	1	0	1	1	1	1	5.5	1531	200	147	2280000
7167105	bern	0	0	0	1	1	0	1	1	5.5	373	373	145	595000
7211977	bern	0	0	0	0	0	0	1	0	4.5	435	435	128	760000
7127170	bern	0	0	0	1	1	0	1	0	4.5	190	190	160	297000
7157888	bern	0	0	0	0	0	0	0	0	5.5	167	167	167	886500
7166619	bern	0	0	0	0	0	0	1	1	6.5	809	809	165	1390000
7193013	bern	1	1	1	1	1	0	1	1	8.5	880	390	270	1300000
7200489	bern	0	0	0	0	1	0	1	1	4.5	160	160	160	1030000
7204621	bern	0	0	0	0	0	0	1	0	5.5	300	300	155	930000
7126178	bern	0	0	0	0	1	0	0	0	6.5	359	359	125	850000
7126869	bern	0	0	0	0	0	0	0	0	4.5	514	164	102	990000
7154140	bern	0	1	0	0	1	0	1	1	5.5	921	921	169	1654000
7154498	bern	0	0	0	0	0	0	0	0	6.5	616	616	110	800000
7200262	bern	1	0	1	0	1	0	1	1	4.5	541	541	75	590000
7204288	bern	0	0	0	0	1	0	0	0	5.5	612	612	138	975500
7161092	bern	0	1	1	1	1	0	1	0	6.5	1002	280	280	1790000
7175721	bern	0	0	0	0	1	0	1	1	5.5	741	741	122	695000
7183609	bern	1	1	0	0	1	0	1	0	5.5	309	193	103	985000
7187468	bern	0	1	1	1	1	1	1	1	4.5	258	613	144	1090000
7203404	bern	0	0	0	0	1	0	0	0	4.0	149	149	70	385000
7118160	bern	0	0	0	0	0	0	0	0	5.5	211	211	140	830000
7173565	bern	0	0	0	0	1	0	0	0	5.5	369	369	147	1130000
7186362	bern	0	1	0	0	0	0	1	1	7.5	248	248	248	995000
7197465	bern	0	0	0	0	0	0	1	0	5.5	363	363	138	670000
7197626	bern	0	0	0	0	1	0	1	1	8.5	783	783	158	1850000
7199717	bern	0	0	0	1	0	0	1	1	5.5	141	141	110	765000
7210675	bern	0	0	0	0	1	0	1	0	5.5	641	61	119	890000
7140261	bern	0	0	0	0	1	0	1	1	5.5	4491	4491	199	1180000
7157887	bern	0	0	0	0	0	0	0	0	6.5	186	186	186	948000
7162369	bern	0	0	0	0	1	0	1	0	5.5	360	360	222	1590000
7173817	bern	1	1	1	0	1	0	1	0	4.0	1009	1009	150	650000
7186536	bern	0	0	0	0	1	0	1	1	7.5	846	846	846	1460000
7207733	bern	0	0	0	0	0	0	0	0	6.0	176	157	157	950000
6995253	bern	0	0	0	0	0	0	0	0	3.5	65	65	89	325000
7146514	bern	0	0	0	0	0	0	0	0	10.0	5000	5000	270	1100000
7146520	bern	0	0	0	0	0	0	0	0	8.5	285	285	285	1130000
7184321	bern	1	1	0	0	1	0	0	0	7.5	1360	1360	177	590000
7196754	bern	0	0	0	0	1	0	0	1	6.5	1148	1148	130	535000
7211073	bern	0	0	0	0	1	0	0	0	5.5	439	439	140	599000
7213188	bern	0	0	0	0	0	0	1	0	6.0	466	466	466	450000
7018380	bern	0	1	1	1	1	1	1	1	5.5	344	244	173	975000
7104292	bern	0	0	0	0	1	0	1	1	10.0	2315	2315	402	850000
7143010	bern	0	0	0	0	1	0	1	0	11.0	486	486	374	990000
7187578	bern	0	0	0	0	1	0	1	1	5.5	824	824	142	850000
7197663	bern	0	0	0	0	0	0	0	0	8.0	2195	2195	189	870000
7208654	bern	0	0	0	0	1	0	1	0	9.5	1149	1149	300	1280000
6494023	bern	0	1	1	0	1	1	0	1	5.5	215	215	215	1280000
6899076	bern	0	0	0	0	0	0	0	1	6.5	100	100	191	937000
7146744	bern	0	0	0	0	1	0	1	1	5.5	910	910	250	1230000
7198913	bern	0	0	0	0	0	0	1	1	5.5	241	57	139	730000
7199748	bern	0	0	0	0	0	0	0	0	7.0	1514	1514	1514	1450000
7204203	bern	0	0	0	0	1	0	1	1	7.5	875	875	253	985000
7208012	bern	0	0	0	0	1	0	1	0	5.5	598	179	128	725000
6938254	bern	0	1	1	1	1	1	1	0	4.5	410	410	157	1115000
7049504	bern	0	0	0	0	0	0	0	1	6.5	360	360	160	348000
7107273	bern	0	1	0	0	0	0	0	1	5.5	1055	1055	156	899000
7190425	bern	1	1	1	0	1	0	1	0	5.5	242	242	130	650000
7193615	bern	0	0	0	0	0	0	1	1	4.5	505	154	130	820000
7207321	bern	0	0	0	0	0	0	0	0	6.5	731	731	182	940000
7053234	bern	0	0	0	0	1	0	0	0	4.5	300	300	160	910000
7055980	bern	0	0	0	0	1	0	1	0	4.5	665	665	135	950000
7125427	bern	0	0	0	0	1	0	1	0	4.5	145	145	145	700000
7152585	bern	0	1	1	1	1	0	1	1	4.5	315	79	92	495000
7164202	bern	0	0	0	1	0	0	0	0	5.5	156	156	156	880000
7200616	bern	0	0	0	0	1	0	1	1	7.0	597	597	170	890000
6605392	bern	0	0	0	0	1	0	1	1	4.5	949	949	170	1500000
6830678	bern	0	0	0	0	0	0	0	0	6.0	152	152	137	1390000
7096098	bern	0	1	0	0	1	0	0	1	6.5	896	896	147	890000
7187379	bern	0	0	0	0	1	0	1	1	9.0	1061	1061	250	1230000
7187592	bern	0	0	0	1	1	0	0	1	7.0	1018	1018	212	1195000
7195089	bern	0	0	0	1	1	0	1	0	5.5	1067	232	125	650000
7200577	bern	0	0	0	0	0	0	1	1	5.5	615	615	140	1090000
7150564	bern	0	0	0	0	0	0	1	1	5.5	505	505	280	780000
7168860	bern	0	1	1	1	1	0	1	0	6.5	504	230	200	1395000
7184629	bern	0	0	0	0	1	0	0	1	5.5	451	50	143	1050000
7197516	bern	0	1	0	0	1	0	1	0	8.5	1367	1367	192	1300000
7208475	bern	1	0	1	0	1	1	1	1	5.5	692	143	143	1350000
7125330	bern	0	0	0	0	0	0	0	0	8.5	360	423	273	1950000
7149438	bern	0	0	0	0	0	0	0	0	5.5	460	460	133	950000
7152608	bern	0	0	0	1	1	0	0	0	5.5	662	316	194	1460000
7170164	bern	0	0	0	0	0	0	1	1	6.0	566	360	185	880000
7182762	bern	0	0	0	0	0	0	0	0	6.0	933	279	193	1590000
7187681	bern	0	0	0	0	0	0	1	1	4.5	296	296	130	240000
7192707	bern	0	0	0	0	0	0	0	0	3.5	475	475	115	833000
7118990	bern	0	0	0	0	1	0	1	1	6.0	1306	1306	1306	1350000
7123105	bern	0	1	1	1	1	0	1	0	4.5	132	132	132	1605000
7189979	bern	0	1	1	1	1	0	1	1	6.5	1014	1014	219	1500000
7200618	bern	0	0	0	0	0	0	0	0	5.5	1573	356	232	1550000
7200691	bern	0	0	0	0	1	0	1	0	6.5	1002	260	215	1790000
6676951	bern	1	1	1	1	1	0	1	1	9.0	794	595	461	1450000
7068895	bern	0	0	0	0	1	0	1	1	5.5	137	137	137	995000
7166149	bern	0	1	1	1	1	1	1	1	4.5	176	176	146	950000
7213233	bern	0	0	0	0	1	0	1	0	7.5	873	320	216	1185000
7213234	bern	0	0	0	0	1	0	1	0	6.5	873	320	216	1185000
6559883	basel	0	1	1	1	1	1	1	0	6.5	526	90	186	1549790
6647032	basel	0	0	0	0	1	0	0	0	6.5	271	271	165	850000
6881540	basel	0	1	1	1	1	0	0	1	6.5	585	585	210	910000
7116032	basel	0	0	0	0	1	0	1	1	5.5	322	322	155	1540000
7192707	basel	0	0	0	0	0	0	0	0	3.5	475	475	115	833000
7196392	basel	0	0	0	1	1	0	0	1	4.5	167	209	153	1298000
7134262	basel	1	1	1	1	1	0	1	1	7.5	1810	395	204	1550000
7153952	basel	0	1	1	1	1	0	1	1	5.5	443	443	137	970000
7170301	basel	0	0	0	0	1	0	1	0	4.5	473	473	473	400000
7173625	basel	0	0	0	0	1	0	1	0	6.0	418	418	172	1090000
7180037	basel	0	0	0	0	1	0	1	0	6.0	492	492	492	295000
7204623	basel	0	0	0	0	0	0	1	1	5.5	791	791	109	925000
7211937	basel	0	0	0	0	1	0	1	0	5.5	140	140	140	895000
6696500	basel	0	0	0	0	0	0	0	0	7.5	971	971	971	790000
6966669	basel	0	0	0	0	0	0	0	0	5.0	345	345	148	1470000
7145046	basel	0	0	0	0	1	0	0	0	5.5	183	189	183	930000
7165494	basel	0	0	0	0	1	0	1	0	8.5	782	782	400	990000
7168195	basel	0	0	0	0	0	0	1	1	6.5	674	674	200	1550000
7187565	basel	1	1	1	1	1	0	1	1	4.5	747	747	135	770000
7209956	basel	0	0	0	0	0	0	0	0	6.0	820	223	181	400000
6983516	basel	0	0	0	0	1	0	0	1	6.0	581	581	190	3290000
7125466	basel	0	0	0	1	1	0	0	0	5.5	371	371	107	950000
7164290	basel	0	0	0	0	1	0	1	0	7.0	357	357	175	875000
7168903	basel	0	0	0	0	1	0	1	0	5.5	220	66	184	820000
7191680	basel	1	1	1	0	1	0	1	1	6.5	1287	1287	220	1570000
7205821	basel	0	1	0	0	1	0	1	0	4.5	331	113	96	348000
7071793	basel	1	1	1	1	1	0	1	1	5.5	500	217	217	985000
7170389	basel	1	1	1	1	1	0	1	0	6.5	516	145	145	850000
7173703	basel	0	0	0	0	0	0	0	0	4.0	978	978	100	640000
7199397	basel	0	0	0	0	1	0	0	0	5.5	124	124	120	1095000
7209109	basel	0	0	0	0	0	0	1	1	7.5	2237	2237	280	1250000
7213226	basel	0	0	0	0	0	0	1	0	7.0	3470	3470	3470	1575000
6896064	basel	1	1	1	1	1	1	1	0	5.5	412	180	135	880000
7054953	basel	0	0	0	0	0	0	0	0	10.0	5897	5897	200	1450000
7099251	basel	0	0	0	0	1	0	1	1	6.5	309	214	286	1065000
7136775	basel	0	0	0	0	0	0	0	0	9.0	820	223	181	695000
7137615	basel	0	0	0	0	0	0	0	0	5.5	820	223	181	885000
7167942	basel	0	1	1	1	1	1	1	0	5.5	183	183	115	790000
7130569	basel	0	0	0	0	0	0	0	0	5.5	1538	1538	190	1850000
7176668	basel	0	0	0	0	0	0	0	0	6.0	633	633	140	850000
7186344	basel	1	1	1	0	1	0	0	0	10.5	318	377	251	1575000
7197734	basel	0	0	0	0	0	0	1	0	2.5	1360	1360	51	313000
7208182	basel	0	1	0	0	0	0	0	1	6.0	267	212	154	1560000
7212843	basel	0	0	0	0	0	0	0	0	8.0	785	150	140	668000
3653189	basel	1	1	1	0	1	0	0	1	8.0	457	457	160	450000
6428712	basel	0	0	0	0	0	0	0	0	6.0	287	287	220	875000
7157925	basel	0	0	0	0	0	0	1	0	8.0	868	868	197	1150000
7160906	basel	1	1	1	0	1	0	1	0	6.5	609	230	160	690000
7162110	basel	0	0	0	0	1	0	1	0	5.5	210	210	170	835000
7200307	basel	0	1	1	1	1	0	1	1	5.0	1010	1010	174	1920000
7074020	basel	0	0	0	0	1	0	1	0	3.5	421	421	166	1140000
7085468	basel	0	0	1	0	1	0	1	1	6.0	470	470	130	730000
7137008	basel	0	0	0	0	0	0	0	1	6.5	3362	3362	194	1150000
7164550	basel	1	1	1	1	1	1	1	1	6.5	301	230	308	1095650
7176778	basel	0	0	0	0	0	0	0	0	5.5	151	151	165	1245000
7196646	basel	0	0	0	1	1	0	1	0	7.5	372	372	173	1265000
4647372	basel	0	0	0	0	0	0	0	0	6.0	3252	3252	3252	830000
7062472	basel	0	0	0	1	0	0	1	1	5.5	486	486	190	910000
7104528	basel	0	0	0	0	1	0	0	1	5.5	814	814	240	3580000
7173565	basel	0	0	0	0	1	0	0	0	5.5	369	369	147	1130000
7185150	basel	0	0	0	0	1	0	0	0	4.5	130	130	130	1160000
7189167	basel	1	1	0	1	1	0	0	0	4.5	522	522	97	295000
7208176	basel	0	1	0	0	0	0	0	1	6.0	267	212	154	1560000
6420633	basel	0	0	0	0	1	0	0	0	5.0	1530	1530	120	240000
6976056	basel	0	1	1	1	1	1	1	0	5.5	435	435	148	1050000
7083192	basel	0	0	0	1	1	0	1	1	6.5	583	583	124	535000
7143293	basel	0	0	0	0	1	0	0	0	6.5	221	221	163	930000
7184634	basel	0	0	0	0	0	0	1	0	5.5	861	84	169	990000
7211597	basel	0	0	0	0	1	0	1	1	6.5	728	728	150	950000
6871199	basel	0	0	0	0	0	0	0	0	5.5	200	200	200	950000
6976714	basel	0	0	0	0	1	0	1	1	3.5	251	251	124	850000
7029350	basel	0	0	0	1	1	0	1	1	6.5	274	274	151	1215000
7150722	basel	0	1	1	1	1	0	1	0	3.5	327	170	115	875000
7157895	basel	0	0	0	0	1	0	0	0	12.0	1624	1624	308	1790000
7173463	basel	0	0	0	0	1	0	1	0	8.5	559	559	238	1495000
6974139	basel	0	0	0	0	0	0	0	0	6.0	786	786	140	850000
7094686	basel	0	0	0	1	0	0	1	0	6.5	172	196	151	920000
7105839	basel	0	0	0	1	1	0	0	0	4.5	794	111	100	585000
7195073	basel	0	0	0	0	1	0	1	0	6.5	911	911	367	595000
7205793	basel	0	0	0	0	1	0	1	0	6.0	312	312	170	1145000
7208012	basel	0	0	0	0	1	0	1	0	5.5	598	179	128	725000
7213292	basel	0	0	0	0	0	0	1	0	6.5	6677	6677	220	2280000
6310094	basel	0	0	0	0	1	0	1	0	7.5	4754	4754	370	1040000
6452594	basel	0	0	0	0	1	0	0	0	6.5	6591	6591	200	1690000
6737737	basel	0	0	0	0	1	0	1	0	7.5	4553	4553	280	2090000
7152607	basel	0	0	0	1	1	0	0	0	5.5	688	316	194	1510000
7166845	basel	0	1	1	0	1	0	1	0	4.5	386	185	132	895000
7173564	basel	0	0	0	0	1	0	0	0	5.5	296	296	147	1090000
6984109	basel	0	0	0	0	0	0	0	0	5.5	206	206	125	570000
7076355	basel	0	0	0	0	1	0	0	0	5.5	156	156	156	960000
7111523	basel	0	0	0	0	0	0	1	1	5.5	396	396	140	1083000
7116022	basel	0	0	0	0	1	0	1	1	5.5	267	267	118	790000
7156790	basel	0	0	0	0	1	0	0	1	7.0	402	402	402	1350000
7200843	basel	1	1	0	0	1	0	1	1	4.5	480	480	480	721000
7213339	basel	0	0	0	0	1	0	1	0	5.5	157	162	120	695000
6981577	basel	0	0	0	1	1	0	1	1	5.5	167	167	140	1045000
6992986	basel	1	1	1	1	1	1	1	1	6.0	1031	1031	1031	835000
7032858	basel	0	0	0	1	0	0	1	1	5.5	505	505	167	750000
7146522	basel	0	0	0	0	0	0	1	1	5.5	899	899	204	1290000
7180069	basel	0	0	0	0	1	0	1	1	6.5	302	302	155	735000
7194875	basel	0	0	0	0	0	0	0	1	5.5	1374	1374	163	1450000
7200785	basel	0	0	0	0	1	0	0	0	9.5	210	210	282	2500000
7125626	basel	1	1	1	1	1	0	1	1	4.5	504	504	130	570000
7127899	basel	0	0	0	0	1	0	1	1	7.5	1370	1370	1370	1370000
7145086	basel	0	1	1	1	1	0	1	1	7.5	927	927	188	1450000
7179092	basel	0	1	1	1	1	0	1	0	5.5	156	156	156	1050000
7196565	basel	0	0	0	0	1	0	1	1	10.5	53	53	219	1199000
7200655	basel	0	0	0	0	1	0	1	1	7.5	582	582	184	1265000
7093524	basel	0	1	1	1	1	0	1	0	2.5	146	146	82	289000
7191921	basel	1	1	0	1	1	0	1	1	6.0	586	180	130	890000
7194989	basel	0	0	0	1	1	0	1	1	5.5	366	44	175	1550000
7195346	basel	0	1	1	1	1	1	1	1	5.5	352	352	200	950000
7207362	basel	0	0	0	0	0	0	0	0	5.5	150	150	150	720000
7211112	basel	0	0	0	0	0	0	1	1	5.5	785	785	130	668000
6904920	basel	0	0	0	1	1	0	1	0	7.5	994	994	233	2200000
7008624	basel	0	1	1	1	1	1	1	0	6.5	692	692	304	2050000
7073883	basel	0	0	0	0	0	0	1	0	6.0	578	391	278	1180000
7094219	basel	0	0	0	0	1	0	1	1	4.5	194	194	105	990000
7094816	basel	0	0	0	0	1	0	0	1	4.5	218	218	100	1050000
7179381	basel	0	0	0	0	0	0	0	0	5.0	181	181	160	889000
7050303	basel	0	0	0	1	0	0	0	0	8.5	1450	1450	245	1490000
7084993	basel	1	1	0	0	1	0	1	1	8.5	1317	229	223	1700000
7085463	basel	0	1	1	1	1	0	1	1	8.0	826	250	210	795000
7087775	basel	0	0	0	0	0	0	0	0	6.0	820	223	181	389000
7166169	basel	0	0	0	0	1	0	1	0	5.5	432	362	262	1590000
7179389	basel	0	0	0	0	0	0	0	1	5.5	1010	1010	135	1150000
3523966	basel	0	1	1	1	1	1	1	1	6.5	381	381	190	993000
4929512	basel	0	0	0	0	1	0	0	0	13.0	2695	2695	2695	1090430
7108154	basel	1	1	1	1	1	0	1	1	4.5	525	525	115	625000
7200476	basel	0	0	0	0	1	0	0	0	11.0	1047	400	250	1220000
7203433	basel	0	0	0	1	0	0	1	0	6.5	493	627	386	849000
7213275	basel	1	1	0	0	1	0	1	1	8.0	820	223	181	850000
5757524	basel	0	0	0	1	1	0	0	0	4.5	302	302	302	410000
7008644	basel	0	0	0	1	1	0	0	1	9.0	900	900	240	790000
7024430	basel	0	0	0	0	1	0	1	0	5.5	1868	1868	200	760000
7090800	basel	0	0	0	0	0	0	1	1	11.5	338	338	280	1050000
7163528	basel	0	1	1	1	1	0	1	1	5.5	662	662	662	1180000
7203568	basel	0	0	0	1	1	0	0	0	7.5	180	180	150	1300000
6981654	basel	0	1	1	0	1	0	1	0	4.5	40	40	175	280000
7072998	basel	1	1	1	1	1	1	1	1	8.0	500	500	201	1095000
7145906	basel	0	0	0	0	0	0	0	0	5.5	329	329	120	987000
7157397	basel	0	0	0	0	0	0	0	0	6.5	403	403	140	750000
7159347	basel	0	0	0	0	1	0	0	1	6.5	752	752	197	895000
7211971	basel	0	0	0	0	0	0	1	1	6.5	370	370	207	1135000
7177224	basel	0	0	0	0	0	0	0	0	6.0	177	177	148	1139000
7182268	basel	0	0	0	0	0	0	1	1	9.5	658	658	198	925000
7195089	basel	0	0	0	1	1	0	1	0	5.5	1067	232	125	650000
7203023	basel	1	1	0	1	1	0	1	0	5.0	776	776	90	550000
7204417	basel	0	0	0	0	1	0	1	1	7.5	674	209	164	1890000
7204437	basel	0	0	0	1	1	0	0	0	5.5	627	627	163	1012000
7005342	basel	0	0	0	0	1	0	0	1	4.5	141	141	141	1750000
7110733	basel	0	0	0	0	0	0	0	0	5.5	310	310	130	1620000
7164293	basel	0	0	0	0	1	0	0	1	3.5	257	257	81	395000
7177672	basel	1	1	1	1	1	1	1	1	4.5	709	709	709	885000
7185851	basel	0	0	0	1	0	0	1	0	4.5	1851	1851	110	760000
7199343	basel	0	1	1	0	1	0	1	1	5.5	420	420	224	2215000
6089567	basel	0	0	0	0	0	0	0	0	7.0	250	24	161	1300000
7066560	basel	0	0	0	0	1	0	0	0	4.5	530	530	127	1150000
7146720	basel	0	0	0	0	0	0	0	0	5.5	341	341	152	730000
7152468	basel	1	1	1	1	1	1	1	1	11.0	3854	450	285	2850000
7180272	basel	0	0	1	1	1	0	1	1	5.0	2243	2243	110	750000
5681591	basel	0	0	0	0	1	1	1	0	5.5	170	170	170	1040000
6729176	basel	0	0	0	0	0	0	1	0	5.5	600	600	180	1375000
6892507	basel	0	0	0	1	1	0	1	1	6.5	242	242	160	1725000
7142612	basel	0	1	1	1	1	1	1	1	4.5	785	785	193	1550000
7193131	basel	0	0	0	1	1	0	0	0	11.0	1016	458	354	1875000
7197581	basel	0	0	0	0	1	0	1	0	5.5	338	338	338	890000
6886063	basel	0	0	0	0	1	0	1	1	7.5	500	500	210	1225000
7069317	basel	0	1	1	1	1	0	1	0	4.5	549	549	132	1210000
7108558	basel	0	0	0	0	0	0	1	0	5.5	443	443	132	1250000
7181262	basel	0	0	0	1	1	0	0	0	5.5	478	478	160	699000
7199203	basel	0	1	1	0	1	0	0	1	7.5	367	250	178	1590000
7211073	basel	0	0	0	0	1	0	0	0	5.5	439	439	140	599000
6807321	basel	0	0	0	0	0	0	1	0	6.0	443	443	160	890000
6991896	basel	0	0	0	0	0	0	1	0	5.5	672	672	140	650000
7022737	basel	0	0	0	0	0	0	0	1	5.5	271	271	193	1090000
7118990	basel	0	0	0	0	1	0	1	1	6.0	1306	1306	1306	1350000
7137116	basel	0	1	1	1	1	0	1	0	4.5	312	147	98	980000
7006002	basel	0	0	0	0	1	0	1	0	7.5	769	769	172	750000
7050302	basel	0	0	0	1	0	0	0	0	8.5	2117	2117	245	1960000
7127725	basel	0	0	0	1	0	0	1	1	5.5	576	576	131	1370000
7149461	basel	0	1	1	1	1	0	1	1	4.0	210	210	138	545000
7151345	basel	0	0	0	0	0	0	0	0	6.0	1565	1565	1565	3480000
7183630	basel	0	0	0	0	0	0	0	1	5.5	427	427	129	885000
6960712	basel	0	0	0	0	0	0	0	0	10.5	220	220	220	1390000
7097181	basel	0	0	0	0	1	0	1	1	4.5	504	504	504	535000
7152127	basel	1	1	1	1	1	0	1	1	5.5	979	979	155	1450000
7173838	basel	1	1	1	0	1	1	1	0	6.0	645	645	188	683997
7213269	basel	1	1	1	1	1	0	0	1	4.5	109	131	105	895000
7119616	basel	0	0	0	1	1	0	1	1	7.0	652	652	180	1195000
7124527	basel	0	1	1	1	1	0	1	1	4.5	495	250	164	740000
7126993	basel	0	0	0	1	1	0	1	1	4.5	718	718	170	1150000
7145629	basel	0	0	0	1	1	0	1	1	8.5	820	223	181	450000
7168301	basel	0	0	0	0	0	0	0	0	7.5	126	126	240	420000
6951691	basel	0	0	0	1	1	0	1	1	5.5	178	292	146	785000
7079280	basel	0	0	1	1	1	0	1	1	5.5	579	579	165	1500000
7157949	basel	0	0	0	0	0	0	0	0	4.0	260	260	76	895000
7196634	basel	0	1	0	0	1	0	0	1	3.5	125	125	125	1350000
7209461	basel	0	0	0	0	1	0	1	1	6.5	826	826	218	1650000
6999856	basel	0	0	0	0	0	0	0	1	6.0	1852	1852	360	725000
7069652	basel	0	1	1	1	1	1	1	1	5.5	617	617	180	1495000
7101579	basel	0	0	0	0	1	0	0	0	7.0	418	418	129	1500000
7172555	basel	1	1	1	0	1	0	0	0	7.0	216	216	166	1400000
7200749	basel	0	0	0	0	1	0	1	1	5.5	526	526	160	1400000
6451491	basel	0	0	0	0	1	0	0	0	4.5	753	753	753	480000
6469466	basel	0	0	0	1	1	0	0	1	7.5	483	483	149	1140000
6924123	basel	0	0	0	0	0	0	0	1	6.5	993	993	212	1660000
7157756	basel	0	0	0	0	0	0	1	1	8.5	1734	1734	262	1560000
7159151	basel	0	0	0	1	0	0	1	1	6.5	386	182	156	945000
7213227	basel	0	0	0	0	1	0	1	1	6.5	470	470	130	980000
6525677	basel	0	0	0	0	1	0	0	1	18.0	2920	130	550	1995000
7031450	basel	0	0	0	1	1	0	0	0	4.5	269	269	100	1100000
7137611	basel	0	0	0	0	0	0	0	0	5.5	820	223	181	885000
7170333	basel	1	0	0	0	1	0	1	1	6.0	820	223	181	395000
7199533	basel	0	0	0	0	0	0	1	0	6.5	430	430	176	1150000
7214489	basel	0	0	0	0	1	0	1	1	10.0	1740	369	319	1400000
6726637	basel	0	1	0	0	1	0	0	1	6.5	818	818	260	1980000
7110731	basel	0	0	0	0	0	0	0	0	5.5	265	265	142	1665000
7152558	basel	1	1	0	1	1	0	0	0	7.5	667	667	138	440000
7199715	basel	0	1	0	0	1	0	1	0	4.5	140	140	133	1500000
7200750	basel	0	0	0	0	0	0	1	1	5.5	2593	2593	160	1580000
7201671	basel	0	0	0	0	0	0	0	0	5.5	200	200	200	595000
7208117	basel	0	0	0	1	1	0	1	1	4.5	308	308	112	649000
6311531	basel	0	0	0	0	0	0	0	0	7.5	300	300	300	980000
6356581	basel	0	0	0	1	0	0	1	0	7.0	409	409	225	970000
6402264	basel	0	0	0	0	1	0	1	1	12.5	1953	1953	1300	5900000
7121282	basel	0	1	1	0	1	0	1	1	6.0	395	395	145	645000
7175672	basel	1	1	1	1	1	0	1	1	5.5	785	785	130	668000
7179388	basel	0	0	0	0	1	0	1	0	2.5	96	96	51	297000
7040958	basel	0	0	0	0	0	0	0	0	3.0	184	20	62	195000
7076354	basel	0	0	0	0	1	0	0	0	5.5	162	162	162	935000
7118185	basel	0	0	0	0	1	0	0	0	3.5	81	81	104	725000
7154498	basel	0	0	0	0	0	0	0	0	6.5	616	616	110	800000
7164386	basel	0	0	0	0	0	0	1	1	4.5	380	380	100	640000
7197516	basel	0	1	0	0	1	0	1	0	8.5	1367	1367	192	1300000
6680146	basel	0	0	0	0	1	0	0	0	5.5	160	160	160	995000
6696095	basel	0	0	0	0	1	0	0	1	5.5	712	712	186	840000
6843483	basel	0	0	0	0	0	0	0	0	5.5	191	191	140	420000
7016802	basel	0	0	0	1	1	0	1	1	6.5	393	393	186	820000
7209244	basel	0	1	0	0	1	1	0	1	5.5	339	339	161	1325000
7211741	basel	0	0	0	0	0	0	1	1	4.5	111	132	91	445000
7111585	basel	0	0	0	0	1	0	0	1	9.0	3238	3238	200	950000
7136763	basel	0	0	0	0	1	0	0	1	4.5	630	630	120	520000
7187169	basel	0	0	0	1	1	0	1	1	10.5	1382	1382	306	3045000
7209915	basel	0	0	0	0	1	0	1	0	6.5	340	340	185	890000
7211380	basel	1	1	1	1	1	0	1	1	7.0	621	319	262	1278000
6790442	basel	0	1	1	1	1	0	0	1	5.5	200	200	145	1820000
6943982	basel	1	1	0	0	1	0	1	1	7.5	717	717	200	1250000
7142748	basel	0	0	0	0	1	0	1	0	5.5	436	436	130	775000
7152518	basel	0	0	0	0	1	0	0	1	6.5	348	130	200	755000
7214480	basel	0	0	0	0	0	0	0	0	6.0	438	438	72	435000
6983458	basel	0	0	0	1	0	0	1	1	5.5	1069	1209	200	1690000
7087692	basel	0	0	0	1	0	0	1	1	5.5	442	442	151	955000
7154236	basel	0	1	1	1	1	0	0	1	5.5	392	140	163	1190000
7165491	basel	0	0	0	0	0	0	0	0	6.0	820	223	181	199000
7167105	basel	0	0	0	1	1	0	1	1	5.5	373	373	145	595000
7215013	basel	0	0	0	0	0	0	1	1	5.5	640	640	160	1498000
7097565	basel	0	0	0	0	1	0	0	1	6.5	470	470	211	1500000
7135637	basel	0	1	1	1	1	0	0	1	5.5	210	210	210	1280000
7158310	basel	0	0	0	0	1	0	0	0	9.0	492	492	203	1250000
7168897	basel	0	0	0	0	1	0	1	0	6.5	220	66	184	820000
7187289	basel	0	0	0	0	0	0	0	0	4.5	570	570	121	940000
7208011	basel	0	0	0	0	0	0	0	1	5.5	1738	1738	126	1175000
7024933	basel	0	0	0	1	1	0	1	0	6.5	677	677	126	740000
7104163	basel	0	0	0	1	0	0	1	0	5.5	447	447	140	925000
7131246	basel	0	0	0	0	1	0	1	1	5.5	821	821	100	970000
7142943	basel	0	0	0	0	0	0	1	1	4.5	645	43	117	1090000
7209101	basel	0	0	0	1	1	0	1	0	5.5	348	348	206	1029000
7214201	basel	0	0	0	0	0	0	0	0	2.0	274	274	82	480000
3955072	basel	0	0	0	1	1	0	0	0	8.0	200	200	200	790000
7005295	basel	1	0	1	0	1	0	1	1	9.5	820	223	181	870000
7127170	basel	0	0	0	1	1	0	1	0	4.5	190	190	160	297000
7152917	basel	0	0	0	0	0	0	1	0	7.5	1370	1370	640	2950000
7181598	basel	0	0	0	0	0	0	0	0	5.0	159	159	159	855000
7184011	basel	0	0	0	0	0	0	0	1	8.0	1174	1174	370	950000
7015728	basel	0	0	0	0	0	0	1	1	9.0	340	340	340	2950000
7037609	basel	0	0	0	0	0	0	1	0	6.5	586	37	128	850000
7075355	basel	0	0	0	0	1	0	1	0	8.0	2454	2454	272	1120000
7084265	basel	0	0	0	1	1	0	1	1	6.5	1028	362	236	1820000
7163886	basel	0	0	0	0	0	0	1	1	5.5	195	195	160	590000
7175789	basel	0	0	0	0	0	0	0	1	5.5	400	400	180	1290000
7213396	basel	0	0	0	0	0	0	0	0	4.5	292	292	101	1150000
6417757	basel	0	1	1	1	1	0	1	1	5.5	311	311	185	1385000
6757412	basel	1	1	1	1	1	0	1	0	8.0	1110	1110	250	1495000
7081920	basel	0	0	0	0	1	0	1	0	5.0	723	723	140	597000
7097562	basel	0	0	0	0	0	0	0	0	5.5	820	223	181	1195000
7146520	basel	0	0	0	0	0	0	0	0	8.5	285	285	285	1130000
7200388	basel	0	0	0	0	0	0	1	1	9.5	664	664	224	697000
6857276	basel	0	0	0	0	1	0	0	0	6.5	504	504	156	700000
6979303	basel	0	1	1	1	1	0	1	1	5.0	825	255	210	1580000
7125625	basel	1	1	1	1	1	0	1	1	11.0	1682	380	397	1850000
7186441	basel	0	0	0	0	0	0	0	0	6.5	519	421	178	690000
7213273	basel	0	1	1	1	1	0	1	1	9.0	750	750	290	4300000
6983501	basel	1	1	0	0	1	0	1	1	5.5	912	912	260	1520000
7067100	basel	0	0	0	0	1	0	1	1	5.5	493	493	220	865000
7094687	basel	0	0	0	1	0	0	1	0	6.5	221	196	151	945000
7104120	basel	0	0	0	0	1	0	1	0	5.0	258	258	200	790000
7170501	basel	0	0	0	0	1	0	1	0	4.5	259	259	124	595000
7208442	basel	0	0	0	0	0	0	1	1	6.0	590	264	165	430000
7213293	basel	0	0	0	0	0	0	1	0	6.0	3954	3954	340	3980000
6745911	basel	0	0	0	0	1	0	1	1	6.5	595	595	250	1650000
6769086	basel	0	0	0	0	0	0	1	0	7.5	903	903	266	1695000
7005780	basel	0	0	0	0	0	0	0	0	6.0	130	130	130	730000
7153235	basel	0	0	0	1	1	0	1	0	4.5	850	239	154	1170000
7210460	basel	0	0	0	0	0	0	0	0	5.5	259	259	145	730000
7213491	basel	0	0	0	0	0	0	0	0	5.0	362	173	110	645000
6983198	basel	0	0	0	1	0	0	1	0	8.0	491	491	232	1370000
7157141	basel	0	0	0	1	1	0	0	0	4.5	936	936	125	887000
7186651	basel	0	0	0	1	0	0	1	0	5.5	198	198	125	750000
7187760	basel	0	0	0	0	1	0	1	1	10.0	701	244	244	545000
7197746	basel	0	1	0	0	1	0	0	1	4.5	291	291	140	820000
6989258	basel	0	0	1	1	1	0	1	1	5.5	1206	1206	187	895000
7103537	basel	0	0	0	0	1	0	1	0	6.0	575	575	121	795000
7126994	basel	0	0	0	0	1	0	1	1	5.5	520	520	213	1090000
7139844	basel	0	1	0	0	1	0	1	1	5.5	592	592	169	995000
7196564	basel	0	0	0	0	1	0	1	0	6.0	190	187	136	750000
6732872	basel	0	0	0	0	0	0	0	0	6.5	977	977	183	750000
7033055	basel	0	0	0	1	0	0	1	0	5.0	200	200	200	580000
7135385	basel	0	0	0	0	1	0	1	1	8.5	829	829	241	980000
7145479	basel	0	0	0	0	1	0	0	0	4.5	136	133	108	990000
7193341	basel	0	0	0	1	1	0	1	0	6.5	241	212	163	825000
7084129	basel	0	0	0	0	1	0	0	1	6.5	493	493	200	1390000
7097564	basel	0	0	0	0	1	0	0	0	5.5	320	320	185	1500000
7175560	basel	0	0	0	0	0	0	0	0	4.5	820	223	181	530000
7187720	basel	0	0	0	1	0	0	0	0	6.5	556	556	168	995000
7202698	basel	0	0	0	0	0	0	0	0	20.0	250	250	250	5500000
7204022	basel	0	0	0	1	1	0	1	0	7.0	665	665	132	935000
7082403	basel	0	0	0	1	0	0	1	1	10.0	1075	1075	194	1140000
7087192	basel	0	0	0	1	1	0	1	0	4.0	191	191	82	449000
7127345	basel	0	0	0	0	0	0	0	0	5.5	160	160	160	1060000
7157595	basel	0	0	0	0	0	0	0	0	5.5	167	167	167	892500
7213184	basel	0	0	1	1	1	0	1	1	5.5	1495	249	194	1085000
7037612	basel	0	0	0	0	0	0	1	0	6.5	1343	183	195	1380000
7040985	basel	0	0	0	0	0	0	0	0	6.0	637	115	115	1550000
7050367	basel	0	0	1	1	1	0	1	1	4.5	987	987	275	1950000
7200272	basel	1	1	1	1	1	0	1	1	5.5	1621	341	214	985000
7204493	basel	0	0	0	0	0	0	1	1	4.5	573	184	136	1870000
6385065	basel	0	0	0	1	1	0	0	0	5.5	927	216	146	495000
6868133	basel	0	0	0	0	1	0	1	0	4.5	200	250	250	449000
7059345	basel	0	0	0	0	0	0	0	0	6.0	1008	1008	1008	2449500
7179829	basel	0	0	0	0	1	0	1	1	7.0	260	260	260	2900000
7200567	basel	0	0	0	0	1	0	1	1	6.5	335	335	170	910000
7038966	basel	0	0	0	1	0	0	0	0	6.0	1048	1048	198	1550000
7071830	basel	0	0	0	0	1	0	1	0	5.5	225	225	150	2500000
7168595	basel	0	0	0	0	0	0	1	1	4.5	1338	1338	75	260000
7186652	basel	0	0	0	1	1	0	1	0	9.5	499	499	201	1350000
7213901	basel	0	0	0	0	1	0	0	0	7.5	172	172	163	1195000
4211396	basel	0	0	0	1	1	0	1	0	5.5	1119	1119	1119	1050000
5352252	basel	0	0	0	0	1	0	0	1	8.0	375	375	180	340000
7103420	basel	1	1	1	1	1	1	1	1	5.5	375	375	226	1150000
7117790	basel	0	1	1	1	1	0	1	1	5.5	346	346	150	1395000
7142963	basel	0	0	0	0	0	0	1	0	6.5	340	340	130	930000
6902939	basel	0	0	0	0	1	0	1	1	4.5	608	608	132	950000
6949569	basel	0	0	0	0	1	0	1	1	6.5	532	532	160	845000
7081991	basel	1	1	0	0	1	0	1	1	8.5	1317	229	223	1700000
7187245	basel	0	0	0	1	1	0	1	0	5.5	1067	232	125	650000
7197465	basel	0	0	0	0	0	0	1	0	5.5	363	363	138	670000
6947480	basel	1	1	1	1	1	1	1	1	6.5	532	532	160	990000
7085040	basel	0	0	0	0	1	1	1	1	6.0	918	918	300	890000
7143079	basel	0	0	0	1	1	0	0	0	5.5	232	232	156	1035000
7203317	basel	0	0	0	0	0	0	1	1	5.5	683	683	190	990000
7213188	basel	0	0	0	0	0	0	1	0	6.0	466	466	466	450000
6214965	basel	0	0	0	0	0	0	1	1	8.0	174	174	268	298000
7118670	basel	1	1	1	1	1	0	1	0	7.5	1274	1274	250	890000
7139935	basel	0	0	0	0	1	0	1	1	8.0	918	918	300	890000
7164321	basel	0	0	0	1	1	0	1	1	6.5	132	132	132	950000
7201752	basel	0	0	0	0	1	0	1	1	5.5	772	772	165	1150000
6559880	basel	0	1	1	1	1	0	1	0	5.5	253	50	164	1032000
6864430	basel	0	1	0	0	1	0	0	1	5.5	536	170	130	985000
7170352	basel	0	0	0	0	0	0	0	0	10.0	361	361	217	1295000
7201540	basel	0	0	0	0	0	0	1	0	5.5	341	341	152	810000
6992986	bern	1	1	1	1	1	1	1	1	6.0	1031	1031	1031	835000
7111243	bern	0	0	0	0	0	0	0	0	5.5	469	469	115	770000
7142612	bern	0	1	1	1	1	1	1	1	4.5	785	785	193	1550000
7149970	bern	0	0	0	0	0	0	1	0	6.0	808	808	808	600000
7193131	bern	0	0	0	1	1	0	0	0	11.0	1016	458	354	1875000
7209387	bern	0	0	0	0	1	0	1	1	12.0	3939	540	243	880000
6615881	bern	1	1	1	1	1	1	1	1	7.5	1220	1220	254	1500000
6999750	bern	0	0	0	0	1	0	1	1	5.5	492	492	152	925000
7126177	bern	0	0	0	0	1	0	0	0	6.5	354	354	125	850000
7154807	bern	0	0	0	0	0	0	0	0	6.0	1399	1399	197	1150000
7179337	bern	0	0	0	0	0	0	0	0	5.5	525	525	130	180000
7213093	bern	1	1	0	0	1	0	1	1	9.0	633	633	633	850000
6995872	bern	0	0	0	0	1	0	0	0	5.5	457	457	149	1145000
7127774	bern	0	0	0	0	1	0	1	0	2.5	1656	1656	45	250000
7175001	bern	0	0	0	1	1	0	1	0	4.5	320	320	157	775000
7176577	bern	1	0	1	0	1	1	1	0	5.5	549	140	210	1080000
7182226	bern	0	0	0	0	0	0	0	0	5.5	844	844	230	1150000
7208628	bern	0	0	0	0	1	0	1	1	7.0	613	613	187	1480000
6894297	bern	0	0	0	0	0	0	0	1	6.5	96	96	186	937000
6960393	bern	0	1	1	1	1	0	1	0	4.5	1820	1820	1820	1900000
6983458	bern	0	0	0	1	0	0	1	1	5.5	1069	1209	200	1690000
7125667	bern	0	0	0	0	0	0	1	0	5.5	441	441	153	680000
7130872	bern	0	0	0	0	0	0	0	0	5.5	933	279	193	890000
7150105	bern	0	0	0	0	1	0	1	1	7.5	483	483	483	895000
6657363	bern	0	1	1	1	1	1	1	1	10.0	3322	505	360	2200000
7181659	bern	0	0	0	1	1	0	1	0	4.5	410	410	131	870000
7186308	bern	1	0	0	0	1	0	0	1	4.0	1371	1371	1371	390000
7203526	bern	0	0	0	0	1	0	1	1	6.0	2006	784	470	1380000
7211607	bern	0	1	1	0	1	1	1	1	5.5	292	166	166	790000
7091275	bern	0	0	0	1	1	0	1	1	4.5	205	205	116	1065000
7126994	bern	0	0	0	0	1	0	1	1	5.5	520	520	213	1090000
7188220	bern	0	0	0	0	0	0	1	0	5.5	670	670	140	525000
7190310	bern	0	0	0	0	1	0	1	0	6.0	421	421	204	1165000
7200568	bern	0	0	0	0	1	0	1	1	5.5	223	223	161	880000
7211608	bern	1	1	1	1	1	0	1	0	7.0	751	751	287	1550000
6971904	bern	0	0	0	0	0	0	0	0	5.0	700	700	100	470000
7164284	bern	0	0	0	0	0	0	0	0	8.0	516	516	151	590000
7166869	bern	0	0	0	0	0	0	1	0	5.0	377	377	149	990000
7173714	bern	0	0	0	0	1	0	1	0	5.5	450	450	220	1080000
7190922	bern	0	0	0	0	0	0	1	1	15.0	31000	31000	1000	9500000
7205809	bern	0	0	0	0	1	0	1	1	11.0	3691	3691	416	2135000
7209461	bern	0	0	0	0	1	0	1	1	6.5	826	826	218	1650000
6858938	bern	1	1	1	1	1	0	0	0	8.0	567	567	169	1650000
7008862	bern	0	0	0	0	1	0	1	1	6.5	943	10	157	1150000
7085468	bern	0	0	1	0	1	0	1	1	6.0	470	470	130	730000
7161044	bern	0	0	0	0	1	0	1	1	5.5	274	274	120	1100000
7184400	bern	0	0	0	0	0	0	1	1	7.5	591	591	200	820000
7196442	bern	0	1	1	0	1	0	1	1	6.5	881	881	881	587000
6989022	bern	0	0	0	0	0	0	0	0	5.5	686	686	170	1250000
7152607	bern	0	0	0	1	1	0	0	0	5.5	688	316	194	1510000
7167950	bern	0	0	0	0	0	0	1	0	4.5	148	148	153	765000
7168557	bern	0	0	0	0	0	0	1	0	5.5	300	300	180	950000
7169191	bern	0	0	0	0	0	0	0	1	4.5	500	500	133	995000
7179724	bern	0	0	0	0	0	0	0	1	8.0	1200	1200	250	890000
7202533	bern	0	0	0	1	0	0	1	1	8.5	1059	1059	260	1590000
7214479	bern	0	0	0	0	1	0	1	0	6.0	754	754	150	990000
7100974	bern	0	0	0	0	0	0	0	0	9.0	971	971	258	2600000
7165483	bern	1	1	0	1	1	0	0	0	5.5	247	247	152	540000
7184011	bern	0	0	0	0	0	0	0	1	8.0	1174	1174	370	950000
7186323	bern	0	0	0	0	0	0	1	0	5.5	696	696	175	850000
7203258	bern	0	0	0	0	1	0	0	1	4.5	240	240	132	930000
7154236	bern	0	1	1	1	1	0	0	1	5.5	392	140	163	1190000
7163528	bern	0	1	1	1	1	0	1	1	5.5	662	662	662	1180000
7165494	bern	0	0	0	0	1	0	1	0	8.5	782	782	400	990000
7212587	bern	0	0	0	0	0	0	0	0	6.5	792	792	320	2250000
7214351	bern	0	0	0	0	0	0	0	1	5.5	1152	1152	180	1097000
7081920	bern	0	0	0	0	1	0	1	0	5.0	723	723	140	597000
7116029	bern	0	0	0	0	1	0	1	1	9.5	1746	1746	273	2320000
7127918	bern	0	1	1	0	1	0	1	0	5.5	900	900	240	1195000
7137915	bern	0	0	0	0	1	0	1	1	5.5	485	485	160	715000
7196932	bern	0	0	0	0	0	0	0	0	6.5	433	433	160	950000
6864241	bern	1	1	1	1	1	0	1	1	5.5	679	679	189	1350000
7079228	bern	0	0	0	0	1	0	0	0	6.5	426	426	160	1345000
7114929	bern	0	0	0	1	1	0	1	1	6.5	415	415	177	980000
7127684	bern	0	0	0	0	0	0	0	1	6.5	254	17	154	795000
7142808	bern	0	0	0	0	1	0	1	0	6.0	741	741	409	1850000
7165441	bern	1	1	0	0	1	0	1	1	6.0	2081	360	200	2450000
7150849	bern	0	0	0	0	1	0	1	1	6.5	951	951	147	850000
7157751	bern	0	0	0	0	1	0	1	0	5.5	1069	1069	125	798000
7178814	bern	1	1	1	1	1	0	0	1	4.5	195	190	140	670000
7184314	bern	1	1	1	1	1	0	1	0	8.0	383	383	166	855000
7200139	bern	0	0	0	0	1	0	1	0	5.5	389	389	130	950000
7126171	bern	0	0	0	0	1	0	0	0	6.5	253	253	127	830000
7145185	bern	0	0	0	0	1	0	1	1	5.0	3190	3190	84	980000
7162111	bern	0	0	0	0	0	0	0	1	14.0	1394	1394	681	4299000
7165980	bern	0	0	0	0	1	0	0	0	5.5	564	564	564	1100000
7188896	bern	0	1	1	1	1	1	1	0	6.5	185	185	150	980000
7203400	bern	0	0	0	0	1	0	1	1	20.0	6702	6702	6702	3200000
7050675	bern	0	0	0	0	1	0	1	0	5.5	777	27	110	1230000
7074216	bern	0	0	0	0	1	0	0	0	5.5	120	120	120	1050000
7129523	bern	0	1	0	0	1	1	1	0	5.5	216	216	216	1295000
7140314	bern	0	0	0	0	1	0	1	0	6.5	433	350	232	585000
7205792	bern	0	0	0	0	1	0	1	0	6.0	312	312	170	1145000
6577749	bern	0	0	0	0	1	0	0	0	18.0	1264	1264	1264	1900000
7073663	bern	0	0	0	0	0	0	0	0	7.5	1371	240	200	1480000
7126824	bern	0	0	0	1	1	0	1	1	5.5	145	145	145	770000
7178902	bern	0	0	0	0	1	0	1	1	6.5	805	805	163	1320000
7199188	bern	0	0	0	0	0	0	0	0	5.5	420	420	148	870000
7211473	bern	0	0	0	0	0	0	1	0	5.5	559	559	160	949000
6896064	bern	1	1	1	1	1	1	1	0	5.5	412	180	135	880000
7164153	bern	0	1	1	1	1	0	1	0	6.5	588	156	174	1150000
7166872	bern	0	0	0	0	0	0	1	0	5.0	275	275	149	890000
7188422	bern	0	0	0	0	0	0	1	0	5.5	470	470	140	690000
7164290	bern	0	0	0	0	1	0	1	0	7.0	357	357	175	875000
7164729	bern	0	0	0	0	1	0	1	0	6.5	3008	3008	350	4560000
7187320	bern	0	1	1	0	1	0	1	0	6.0	451	451	165	650000
7201542	bern	0	0	0	0	0	0	1	0	5.5	453	453	120	840000
7211022	bern	0	0	0	0	0	0	1	1	5.5	1100	1100	200	1590000
7103420	bern	1	1	1	1	1	1	1	1	5.5	375	375	226	1150000
7160119	bern	0	0	0	0	0	0	1	1	6.5	673	673	216	1750000
7182352	bern	0	0	0	0	1	0	0	0	7.5	172	172	163	1270000
7187569	bern	0	1	0	0	1	0	1	1	5.5	250	250	165	890000
7046938	bern	0	1	1	1	1	0	1	0	5.5	750	750	166	850000
7155273	bern	0	0	0	0	0	0	0	0	2.5	243	243	69	450000
7162318	bern	0	0	0	1	0	0	1	0	6.5	450	450	160	1040000
7193173	bern	0	1	1	1	1	1	1	0	6.0	437	437	260	1150000
7194238	bern	0	1	1	1	1	0	1	1	5.0	548	548	155	860000
7109924	bern	0	0	0	0	0	0	0	0	6.5	934	934	151	1200000
7157925	bern	0	0	0	0	0	0	1	0	8.0	868	868	197	1150000
7192681	bern	0	0	0	0	1	0	1	1	5.0	174	174	100	630000
7201316	bern	0	0	0	0	0	0	1	0	6.5	744	744	175	1575000
7211651	bern	0	0	0	0	1	0	0	1	5.5	1000	1000	127	1295000
7211677	bern	0	0	0	0	1	0	1	0	6.0	947	947	198	655000
7112922	bern	0	0	0	0	0	0	0	0	7.5	409	248	202	1490000
7127766	bern	1	1	1	1	1	0	0	1	9.0	1880	1880	165	1500000
7136762	bern	0	0	0	0	1	0	0	1	6.5	1059	1059	180	570000
7136763	bern	0	0	0	0	1	0	0	1	4.5	630	630	120	520000
7193617	bern	0	0	0	0	0	0	1	1	5.5	1573	356	232	1550000
7209915	bern	0	0	0	0	1	0	1	0	6.5	340	340	185	890000
7111039	bern	0	1	1	1	1	1	1	0	5.5	560	560	220	1495000
7173739	bern	0	0	0	0	0	0	0	0	5.5	549	90	125	730000
7190112	bern	0	0	0	0	1	0	1	1	8.0	839	839	210	1430000
7214340	bern	0	0	0	0	1	0	0	0	5.5	582	582	165	1300000
7052919	bern	0	0	0	0	1	0	1	0	6.0	327	327	160	1230000
7114967	bern	0	0	0	0	1	0	0	0	12.0	6900	6900	250	1300000
7155272	bern	0	0	0	0	0	0	0	0	5.0	473	473	111	650000
7157890	bern	0	0	0	1	1	0	0	0	8.5	933	279	193	547000
7206199	bern	0	0	0	0	1	0	0	0	5.5	245	245	140	630000
7208710	bern	0	0	0	0	1	0	0	0	5.5	421	421	204	1050000
7002319	bern	0	0	0	0	1	0	0	1	4.5	168	168	168	590000
7177443	bern	0	0	0	0	0	0	0	0	6.5	825	825	124	910000
7185164	bern	0	0	0	0	1	0	1	0	4.5	176	176	176	1445000
7204417	bern	0	0	0	0	1	0	1	1	7.5	674	209	164	1890000
7210620	bern	0	1	1	1	1	0	1	1	5.5	639	639	129	900000
7011081	bern	0	0	0	0	0	0	0	0	10.0	914	914	330	1995000
7018470	bern	0	0	0	0	1	0	1	1	6.0	1044	1044	1044	850000
7173564	bern	0	0	0	0	1	0	0	0	5.5	296	296	147	1090000
7175728	bern	0	0	0	0	0	0	0	0	8.5	194	194	150	565000
7214489	bern	0	0	0	0	1	0	1	1	10.0	1740	369	319	1400000
7155107	bern	1	1	1	1	1	0	1	0	6.5	695	695	270	2900000
7165853	bern	1	1	0	0	0	0	1	0	4.0	111	111	111	195000
7176573	bern	0	0	0	0	1	0	1	1	5.5	437	437	170	1150000
7195593	bern	0	0	0	0	0	0	0	0	5.5	567	567	152	1540000
7213964	bern	0	0	0	0	1	0	0	1	4.5	202	202	94	520000
6647030	bern	0	0	0	0	1	0	1	1	5.5	699	699	122	750000
7104318	bern	0	0	0	0	1	0	1	1	4.5	139	139	186	620000
7139448	bern	0	0	0	0	0	0	0	1	6.0	790	161	161	980000
7204622	bern	0	0	0	0	0	0	1	0	5.5	300	300	155	895000
7208634	bern	0	0	0	0	0	0	1	1	6.5	454	454	200	1040000
6474811	bern	0	0	0	0	1	0	0	1	15.0	6324	6324	500	3600000
7123332	bern	0	0	0	0	1	0	1	0	8.0	343	343	200	1100000
7141890	bern	0	0	0	0	0	0	1	0	10.0	1468	1468	295	1450000
7161898	bern	0	0	0	0	1	0	0	1	5.5	558	170	123	850000
7200457	bern	0	0	0	0	1	0	0	1	7.5	955	955	194	1180000
7204331	bern	0	0	0	0	1	0	1	1	5.5	500	500	230	1490000
6766541	bern	0	0	0	1	1	0	1	0	6.5	323	323	265	1380000
7157756	bern	0	0	0	0	0	0	1	1	8.5	1734	1734	262	1560000
7198910	bern	0	0	0	0	1	0	1	1	5.5	501	69	148	900000
7201834	bern	0	0	0	0	0	0	1	0	5.5	598	598	171	1295000
7210874	bern	0	0	0	0	0	0	0	0	4.5	130	130	160	790000
7008624	bern	0	1	1	1	1	1	1	0	6.5	692	692	304	2050000
7106732	bern	0	0	0	1	0	0	0	1	4.5	253	253	106	730000
7158068	bern	1	1	0	0	1	1	1	1	6.0	2834	2834	2834	1160000
7168979	bern	0	0	0	0	0	0	1	0	9.0	1359	1359	170	750000
7202713	bern	0	0	0	0	0	0	1	0	5.5	374	121	148	1190000
