6510698	zuerich	0	1	1	1	1	0	1	1	5.5	444	260	165	1090000	1532827.3066101559
6549010	zuerich	0	0	0	0	0	0	0	0	8.0	586	44	207	1980000	1896300.7043476012
6841201	zuerich	0	0	0	0	0	0	1	0	6.0	1615	1615	200	1295000	1317333.3222463927
7130609	zuerich	0	0	0	0	0	0	1	1	10.0	1699	1699	600	2300000	2776886.9930990376
7168668	zuerich	0	0	0	0	0	0	0	0	5.5	535	535	177	1035000	1225479.0638694176
7210819	zuerich	0	0	0	0	0	0	1	1	11.0	498	498	446	2950000	2855492.0936011174
6990947	zuerich	0	0	0	1	0	0	1	1	6.5	487	487	210	1265000	1635644.631451401
6993464	zuerich	0	0	0	0	0	0	1	0	6.5	390	390	155	1160000	1327514.669583145
7157045	zuerich	0	1	1	1	1	1	1	1	5.5	413	413	135	1645000	1411138.551054054
7170435	zuerich	0	0	0	0	1	0	1	1	5.5	243	243	143	1240000	1217748.6210892228
7170591	zuerich	0	0	0	0	1	0	1	1	5.5	267	267	143	1260000	1219582.059008603
7194055	zuerich	0	0	0	0	1	0	1	1	6.0	222	222	222	1330000	1391929.6583816526
6772291	zuerich	1	1	1	1	1	0	1	0	6.5	244	244	200	1130000	1315526.5349199604
6983446	zuerich	0	0	0	1	1	0	1	1	6.5	393	393	179	1545000	1597086.5771857952
7118599	zuerich	0	0	0	1	0	0	0	0	5.5	262	198	147	1230000	1274367.9270802955
7177339	zuerich	0	0	0	0	0	0	0	0	7.5	526	526	209	1099987	1762978.5874724812
7195189	zuerich	0	0	0	0	0	0	0	0	4.5	799	799	799	5900000	1347119.2931039012
7215019	zuerich	0	0	0	0	0	0	1	1	6.0	674	674	225	1025000	1441573.4127833736
6894289	zuerich	0	0	0	0	0	0	0	0	3.5	136	120	105	1280000	633578.1211207274
7101506	zuerich	0	1	0	0	1	0	1	1	7.5	425	425	425	1180000	1867742.8974768845
7127963	zuerich	0	0	0	0	1	0	0	1	5.5	332	225	180	2270000	1379947.700612119
7166175	zuerich	0	0	0	0	0	0	0	1	6.5	154	154	176	1090000	1637198.2806947269
7167108	zuerich	0	0	0	0	0	0	1	0	9.0	772	772	200	1150000	2032334.840143011
7167949	zuerich	0	0	0	0	1	0	1	1	7.5	325	325	210	1127500	1782528.7828382421
7192146	zuerich	0	0	0	0	1	0	0	1	6.5	667	667	170	1300000	1659531.536212718
6840193	zuerich	0	0	0	1	1	0	0	0	5.5	302	161	100	750000	1236753.3780581015
7095399	zuerich	0	0	0	0	0	0	0	0	5.5	843	843	158	1195000	1237972.5209396258
7117715	zuerich	0	0	0	1	1	0	0	1	6.5	1143	1143	174	1080000	1785386.9694963307
7142372	zuerich	1	1	1	1	1	1	1	1	4.5	92	92	92	1105000	801294.7395573283
7179047	zuerich	0	0	0	0	1	0	0	1	5.5	754	754	380	3600000	1528350.5232753474
7020553	zuerich	0	0	0	0	1	0	0	0	5.5	367	367	151	1240000	1184172.0311669088
7108580	zuerich	0	0	0	0	1	0	1	1	4.5	393	393	393	800000	1114613.3572063833
7138715	zuerich	0	0	0	1	0	0	1	1	8.0	247	247	186	1465000	1993070.97995533
7162284	zuerich	0	0	0	0	1	0	1	0	5.5	487	487	205	1850000	1090794.1572162095
7184630	zuerich	0	0	0	0	0	0	0	0	6.0	1464	1464	1464	1600000	2173869.5158586195
7208216	zuerich	0	0	0	0	1	0	1	1	5.5	296	296	174	880000	1239803.0184112103
7037366	zuerich	0	0	0	0	1	0	1	1	8.0	195	195	195	2700000	1893785.4661338483
7087631	zuerich	0	0	0	0	1	0	0	0	5.5	323	323	158	1495000	1184876.4988550385
7118629	zuerich	0	0	0	0	0	0	0	0	5.5	468	468	164	1975000	1212809.9996267292
7123455	zuerich	0	0	0	0	0	0	1	0	5.5	734	734	152	1115000	1092251.1317339344
7166365	zuerich	0	0	0	0	1	0	0	0	7.5	483	483	235	1320000	1761423.577471084
7170593	zuerich	0	0	0	0	1	0	1	1	5.5	259	259	143	1250000	1218970.9130354766
6856923	zuerich	0	0	0	1	0	0	1	1	5.0	407	407	100	850000	1175941.9793932699
7072998	zuerich	1	1	1	1	1	1	1	1	8.0	500	500	201	1095000	1805074.235360661
7143041	zuerich	0	0	0	0	1	0	1	1	6.5	639	639	172	1290000	1524644.594888168
7163436	zuerich	0	0	0	0	0	0	0	0	6.0	826	239	180	1550000	1379352.1425330942
7213151	zuerich	0	0	0	0	0	0	0	1	6.5	180	180	180	1250000	1641507.8025590046
7108558	zuerich	0	0	0	0	0	0	1	0	5.5	443	443	132	1250000	1058404.2097033672
7112901	zuerich	0	0	0	1	0	0	1	1	4.5	175	253	142	985000	1052713.1986120804
7158083	zuerich	0	0	0	0	1	0	1	1	7.5	476	476	183	1120000	1778381.905282605
7159300	zuerich	0	0	0	1	1	0	1	1	6.5	483	233	180	1890000	1604542.793746376
7207095	zuerich	0	0	0	1	0	0	1	0	6.5	657	249	168	1690000	1442631.3335849545
6768507	zuerich	1	1	1	1	1	1	1	1	5.5	400	400	148	1360000	1117150.365450285
7047581	zuerich	0	0	0	0	0	0	0	0	5.5	280	280	216	3800000	1228650.936129253
7161935	zuerich	0	0	0	1	1	0	1	1	5.5	92	92	166	900000	1306741.1516241939
7164225	zuerich	0	0	0	0	0	0	0	0	5.5	2220	2220	160	1900000	1344327.6702898904
7194820	zuerich	0	0	0	0	1	0	1	1	6.0	176	176	176	980000	1361697.6483425917
6852503	zuerich	0	0	0	0	0	0	0	0	6.5	1003	1003	300	2580000	1592472.8415394747
7062136	zuerich	0	0	0	0	1	0	0	1	6.5	401	401	175	2070000	1642115.054420771
7062822	zuerich	0	1	1	1	1	0	0	1	6.5	567	567	271	3970000	1997500.9791641654
7087680	zuerich	1	1	0	0	0	0	0	1	4.0	457	457	117	1588000	628727.7048382118
7116027	zuerich	0	0	0	0	0	0	1	0	8.0	589	589	230	1879000	1775979.2652899
6909777	zuerich	0	0	0	0	1	0	0	1	5.5	506	506	160	1149000	1381623.6382695488
7137953	zuerich	0	0	0	1	1	0	1	1	6.5	467	467	205	1310000	1617841.1108727208
7155068	zuerich	0	0	0	0	1	0	0	0	5.5	588	588	182	1590000	1219060.4939245596
7168190	zuerich	0	0	0	0	1	0	1	0	10.0	503	503	258	1550000	2291901.677618659
7173862	zuerich	0	0	0	0	0	0	0	0	5.5	1053	1053	128	1149000	1236590.371847087
7184969	zuerich	0	0	0	0	0	0	0	0	6.5	494	494	230	1580000	1512930.9735960038
6897509	zuerich	0	1	1	1	1	0	1	1	6.0	400	400	200	1370000	1679695.0272620725
7171067	zuerich	0	0	0	1	0	0	1	1	5.5	644	644	128	998000	1340210.4318109388
7177582	zuerich	0	0	0	1	1	0	1	0	5.5	279	279	120	1390000	1112703.2414990263
7187150	zuerich	0	0	0	0	0	0	1	0	5.0	731	731	90	880000	926110.6706914912
7197733	zuerich	0	0	0	0	1	0	1	1	5.5	324	324	145	1190000	1225098.1227929397
7213626	zuerich	0	0	0	0	0	0	1	1	6.5	337	337	188	1114000	1524238.5580404364
6734271	zuerich	0	1	1	1	1	0	1	1	6.5	1409	1409	250	1160000	1915717.2020703685
7034290	zuerich	0	0	0	1	1	0	1	0	6.0	535	123	123	790000	1263902.5565302735
7147365	zuerich	1	1	1	1	1	1	1	1	5.5	680	680	130	930000	1128085.6359774536
7170592	zuerich	0	0	0	0	1	0	1	1	5.5	251	251	143	1245000	1218359.7670623497
7182763	zuerich	0	0	0	0	0	0	0	0	5.5	111	111	133	925000	1167532.0553259216
6315787	zuerich	0	1	1	1	1	0	0	1	5.5	300	300	161	2575000	1653412.9607866714
7049632	zuerich	0	0	0	0	1	0	1	1	5.5	733	733	145	1200000	1256342.9606690495
7152446	zuerich	0	0	0	1	0	0	0	0	6.5	260	260	260	1435000	1599648.6352001117
7155153	zuerich	0	0	0	0	0	0	0	0	6.0	797	797	797	480000	1735505.3702922408
7179089	zuerich	0	1	1	1	1	0	1	1	8.0	1171	1171	450	1850000	2403400.9943580623
6887112	zuerich	0	0	0	0	0	0	0	0	5.5	198	198	217	1250000	1222967.5142676071
7018272	zuerich	0	0	0	0	0	0	0	0	9.0	643	643	219	980000	2167425.35336593
7089827	zuerich	0	0	0	0	0	0	0	0	7.5	752	752	166	1485000	1755268.013608445
7094686	zuerich	0	0	0	1	0	0	1	0	6.5	172	196	151	920000	1395706.594794773
7187099	zuerich	0	0	0	1	0	0	0	0	5.5	303	303	132	995000	1268787.6847490114
7199892	zuerich	0	0	0	0	1	0	0	0	5.5	361	361	194	1850000	1208689.1192919328
6559316	zuerich	0	0	0	0	0	0	1	1	6.0	1144	1144	1144	1700000	2011255.8282132968
7110046	zuerich	0	0	0	1	1	0	1	1	5.5	527	527	146	990000	1328355.7266548867
7177327	zuerich	0	0	0	1	1	0	1	1	6.5	305	305	155	739000	1576424.1867717053
7179104	zuerich	0	0	0	0	0	0	0	0	3.5	248	248	125	690000	653750.6520025819
7191651	zuerich	0	0	0	0	1	0	1	1	5.5	351	351	351	1195000	1346810.5592104546
7204201	zuerich	0	1	1	1	1	0	1	1	6.5	534	534	185	1980000	1811119.5276708645
6859085	zuerich	0	0	0	0	1	0	1	1	6.5	539	539	145	849000	1501323.0124256765
7104285	zuerich	0	0	0	0	1	0	0	1	5.5	106	106	107	555000	1320282.648379298
7170594	zuerich	0	0	0	0	1	0	1	1	5.5	367	367	143	1490000	1227221.3836726886
7200418	zuerich	0	0	0	0	0	0	0	0	5.5	150	150	198	1165000	1208264.9755336712
7208822	zuerich	0	0	0	0	1	0	1	0	5.5	499	499	165	1598000	1068477.901659742
7209118	zuerich	0	0	0	0	0	0	0	0	7.5	317	317	180	1095000	1730168.4924003282
6637200	zuerich	0	1	1	0	1	0	1	1	4.5	321	321	122	910000	1151486.1976325586
7093627	zuerich	0	0	0	1	1	0	1	1	6.5	929	273	212	5500000	1657200.5613611233
7157881	zuerich	1	1	1	1	1	1	1	1	5.0	354	178	117	698000	965730.5500523072
7214183	zuerich	0	0	0	0	0	0	1	1	5.5	215	215	149	980000	1232466.0901920456
6921830	zuerich	0	0	0	0	0	0	0	0	5.5	318	318	148	1140000	1192057.8228241378
7174547	zuerich	0	0	0	0	0	0	0	0	6.5	401	219	173	1620000	1472719.41297288
7178903	zuerich	0	0	0	0	0	0	1	0	4.5	294	294	130	790000	786059.6256231194
7187100	zuerich	0	0	0	1	1	0	1	0	5.5	155	155	155	1380000	1123559.3316171984
7202546	zuerich	0	0	0	0	0	0	1	1	8.5	818	818	256	2370000	2120080.44956206
7131094	zuerich	1	1	1	0	1	1	1	0	8.5	2262	70	251	1960000	1829846.0479051447
7153097	zuerich	0	0	0	1	1	0	0	1	5.5	384	384	127	1555000	1440305.4086344843
7164550	zuerich	1	1	1	1	1	1	1	1	6.5	301	230	308	1095650	1462319.6737024235
7202476	zuerich	0	0	0	1	1	0	1	1	6.0	225	225	176	2330000	1452609.8678589435
7003337	zuerich	0	0	0	0	1	0	0	1	4.5	320	51	99	620000	1072183.8666522568
7171090	zuerich	0	0	0	0	1	0	0	1	6.5	901	901	172	2200000	1678569.2046524864
7176418	zuerich	0	0	0	0	1	0	0	0	4.5	413	413	70	450000	880839.0055122158
7179388	zuerich	0	0	0	0	1	0	1	0	2.5	96	96	51	297000	192076.42107757047
7192743	zuerich	0	0	0	0	0	0	1	1	4.5	428	428	127	699000	976159.3741377079
6951740	zuerich	0	0	0	1	1	0	1	0	8.0	720	720	224	1715000	1856299.2510220353
6996434	zuerich	0	0	0	1	1	0	1	0	13.5	1645	453	336	1650000	3420917.211637307
7150421	zuerich	0	0	0	1	0	0	1	1	10.0	1136	1170	444	9000000	2730437.9450581716
7203163	zuerich	0	0	0	0	0	0	0	0	5.5	564	564	151	5500000	1212593.0345865
7209525	zuerich	0	0	0	0	0	0	0	0	5.0	123	123	118	1550000	1029836.2380395763
7037512	zuerich	0	1	1	1	1	0	1	1	5.5	341	341	133	1150000	1506372.422593222
7115755	zuerich	0	0	0	0	0	0	0	0	6.5	304	304	129	1590000	1439752.9960809434
7191686	zuerich	0	1	1	0	1	0	1	1	5.5	664	543	110	1300000	1430519.5304804775
7193287	zuerich	0	0	0	1	1	0	1	1	5.5	340	250	164	1090000	1324525.0280653182
6606005	zuerich	0	0	0	1	0	0	1	0	5.5	343	343	343	1095000	1260487.776042963
7082789	zuerich	0	0	0	1	1	0	1	1	4.5	162	162	107	1275000	1018019.6998727686
7161962	zuerich	0	0	0	1	0	0	1	1	4.5	522	522	140	1240000	1078060.006470649
7179094	zuerich	0	0	0	0	1	0	1	0	4.5	1091	1091	221	1239125	886428.5263887962
7190222	zuerich	0	0	0	0	0	0	1	1	4.5	1583	201	114	930000	1056842.857290144
7200305	zuerich	1	1	1	1	1	0	1	1	7.0	315	315	400	1400000	1748621.0253681513
7209450	zuerich	0	0	0	1	1	0	1	0	6.5	341	341	196	1460000	1421382.6159764118
7010982	zuerich	0	0	1	1	1	0	1	0	4.5	230	153	200	1100000	1142704.5844220622
7161685	zuerich	0	1	1	1	1	0	1	1	4.5	222	242	156	1420000	1250840.2449847981
7182480	zuerich	0	0	0	0	1	0	0	0	6.5	206	206	170	1095000	1442708.7229578584
7197199	zuerich	0	0	0	0	0	0	0	0	5.5	149	149	149	1780000	1179728.1885047373
6270891	zuerich	0	0	0	0	1	0	0	1	5.5	1083	243	218	3550000	1459390.3546297504
7090338	zuerich	0	0	0	0	1	0	1	0	9.0	671	671	190	1380000	2005439.344771902
7119990	zuerich	0	1	1	1	1	1	0	1	5.5	147	147	147	1060000	1531697.4189468487
7202566	zuerich	0	0	0	0	0	0	1	0	5.5	461	461	150	798000	1070234.1266751732
7048371	zuerich	0	1	1	0	1	0	1	0	6.0	163	163	163	1100000	1371324.8493963685
7178910	zuerich	0	0	0	0	1	0	0	1	5.5	270	270	164	1890000	1365918.129513923
7184661	zuerich	0	1	1	0	1	0	1	1	5.5	6300	2000	300	2450000	1971428.4975000825
7201938	zuerich	0	0	0	0	1	0	1	0	4.5	252	252	145	1050000	778191.9408764195
7094445	zuerich	0	0	0	0	1	0	0	1	5.5	398	398	185	1750000	1387893.776704935
7186297	zuerich	0	0	0	0	0	0	1	0	7.5	976	453	290	995000	1710492.7427116707
7197495	zuerich	0	1	1	1	1	1	1	1	7.5	940	350	276	2750000	2052894.7104131458
7209636	zuerich	0	0	0	0	0	0	0	0	6.0	616	616	166	1450000	1355178.0196578596
6728393	zuerich	0	1	1	1	1	0	1	1	5.5	600	295	220	2150000	1576689.993045846
7139881	zuerich	0	0	0	0	1	0	0	1	4.5	284	284	284	1260000	1176886.2169104149
7142961	zuerich	0	0	0	0	0	0	1	1	5.5	450	450	162	1200000	1257969.2198703974
7200359	zuerich	1	1	0	0	1	0	1	1	5.5	439	439	120	770000	871514.4989190601
7091667	zuerich	1	1	1	1	1	0	1	1	6.5	432	304	170	1850000	1494069.2609547484
7099770	zuerich	0	0	0	1	1	0	1	1	5.5	418	180	123	849000	1306669.9024242433
7168195	zuerich	0	0	0	0	0	0	1	1	6.5	674	674	200	1550000	1556952.9745132513
7170601	zuerich	0	0	0	0	1	0	0	0	5.5	900	900	178	1480000	1240571.8894248903
6839500	zuerich	0	0	0	0	0	0	0	0	5.5	242	199	125	1090000	1172892.9757326422
7073094	zuerich	0	0	0	0	0	0	0	0	6.5	130	130	120	500000	1421233.1518992991
7158300	zuerich	0	0	0	0	0	0	0	0	4.5	319	319	101	1090000	905035.1294093406
7187300	zuerich	0	0	0	0	1	0	1	1	6.0	649	115	297	1580000	1468111.401915093
7200642	zuerich	0	0	0	0	0	0	1	1	6.5	271	271	180	1210000	1514550.008858908
7201940	zuerich	0	0	0	0	1	0	0	0	4.0	1171	1171	90	584867	820461.402921586
7002280	geneve	0	0	0	0	0	0	1	1	5.5	295	295	195	1660000	2564494.169702229
7022205	geneve	0	1	1	1	1	1	1	0	8.5	224	390	300	1650000	3389530.4446648494
7097816	geneve	0	0	0	0	0	0	0	0	7.0	707	707	707	4150000	3235354.826123496
7142555	geneve	0	0	0	0	0	0	0	0	7.0	280	280	280	580000	2954722.906847868
7175825	geneve	0	0	0	0	1	0	1	0	6.0	207	207	145	1750000	2463653.456270344
7209090	geneve	0	0	0	0	0	0	0	1	6.0	200	200	150	1400000	2794909.4648875613
6975870	geneve	0	0	0	0	0	0	1	0	11.0	1359	796	389	2095000	4005752.862805277
7031769	geneve	0	0	0	0	1	0	0	0	9.0	900	250	125	2150000	3418288.09289365
7100994	geneve	0	0	0	0	1	0	1	1	6.0	1104	1104	150	2650000	2716687.846875137
7139447	geneve	0	0	0	0	1	0	1	1	7.0	1000	345	230	2190000	3015009.239861756
7164327	geneve	0	0	0	0	1	0	0	1	7.0	1198	1198	184	3590000	3137326.761147478
7204204	geneve	0	0	0	0	1	0	0	1	6.5	327	327	200	2290000	2950181.2623272804
7214355	geneve	0	0	0	0	1	0	0	1	5.5	575	575	200	2200000	2709326.4458892597
6283170	geneve	0	0	0	0	0	0	0	0	9.5	470	470	470	3350000	3729095.1066737617
6648097	geneve	0	0	0	0	1	0	1	1	10.0	2338	400	300	4650000	3937282.1340853535
6999568	geneve	0	0	0	0	0	0	1	0	7.0	3815	3815	280	3250000	3090863.454578875
7043225	geneve	0	0	0	0	0	0	1	1	7.0	1256	1256	215	4350000	3039225.079389598
7089469	geneve	0	0	0	0	1	0	1	0	7.0	465	252	170	1990000	2757683.864581236
7183802	geneve	0	0	0	0	0	0	1	0	6.5	314	314	300	2190000	2705127.014544846
7207345	geneve	0	1	0	0	1	0	1	0	6.0	743	270	220	2690000	2500859.6156378477
6865361	geneve	0	0	0	0	1	0	1	1	6.0	1700	530	270	6390000	2831917.145421559
6978682	geneve	0	0	0	0	1	0	1	1	8.5	1784	466	318	4150000	3515714.6015711613
7039305	geneve	0	0	0	0	1	0	0	0	6.0	379	379	379	1790000	2746615.5747565073
7101575	geneve	0	0	0	0	1	0	1	1	6.5	1159	1159	300	2950000	2937913.300678451
7183556	geneve	0	0	0	0	0	0	1	0	6.0	700	157	157	1239125	2521656.753050476
7183906	geneve	0	0	0	0	0	0	0	0	4.5	248	202	130	1730000	2215653.814507389
7083165	geneve	0	0	0	0	0	0	0	0	10.0	592	440	440	5490000	3850890.522679304
7085314	geneve	0	0	0	0	1	0	1	0	5.0	374	374	112	1495000	2197443.5828785845
7122514	geneve	0	0	0	0	1	0	0	1	7.0	285	285	285	4950000	3126242.987617676
7164463	geneve	0	0	0	0	1	0	0	0	7.0	1733	338	267	6500000	3044800.0436679358
7203489	geneve	0	0	0	0	0	0	1	0	7.0	730	225	160	2300000	2785491.365143366
7208652	geneve	0	0	0	0	0	0	1	1	7.0	1500	1500	300	2950000	3107235.1024168017
7214286	geneve	0	0	0	0	1	0	1	1	6.0	360	170	120	2100000	2642426.5404872233
6951985	geneve	0	0	0	0	1	0	1	1	6.0	618	618	161	2750000	2685949.796999625
7092931	geneve	1	0	1	0	1	0	1	1	6.5	890	192	163	1450000	2784323.794080108
7112109	geneve	0	0	0	1	0	0	1	0	6.0	818	161	161	827735	2620163.404036662
7139222	geneve	0	0	0	0	1	0	0	1	8.0	1480	394	263	4600000	3464555.1229745634
7204440	geneve	0	0	0	0	0	0	0	0	6.0	543	543	543	1980000	2867770.796553197
6966130	geneve	0	0	0	0	1	0	1	1	5.5	455	455	155	2250000	2540112.5808172654
6966359	geneve	0	0	0	0	0	0	0	0	8.0	801	801	500	2490000	3382105.4897915735
7171241	geneve	0	0	0	0	0	0	0	1	9.0	1469	1469	328	2478250	3774640.256286565
7184938	geneve	0	0	0	0	1	0	0	1	7.0	185	185	185	2950000	3060521.2266631965
7188333	geneve	0	0	0	0	0	0	1	1	8.5	1579	1579	290	2490000	3497162.4376798193
7213043	geneve	0	0	0	0	0	0	0	0	9.0	4000	437	437	1855713	3849695.8925376716
6677851	geneve	0	0	0	1	0	0	0	0	7.0	861	152	152	1059204	3011930.815125451
6836392	geneve	0	0	0	0	1	0	1	0	8.5	5000	337	313	4800000	3576885.634400204
7015846	geneve	0	0	0	0	1	0	1	0	12.0	2395	2395	370	4900000	4320289.411203638
7160529	geneve	0	0	0	0	1	0	0	1	4.5	154	154	146	830000	2386000.0318516945
7209865	geneve	0	0	0	0	0	0	0	0	13.0	4363	420	420	3580000	4906753.993318745
3042557	geneve	0	0	0	0	0	0	0	0	10.0	300	300	300	6000000	3747268.2838536226
7037412	geneve	0	0	0	0	1	0	1	0	7.5	1784	466	318	4150000	3074308.7334127827
7088208	geneve	0	0	0	0	1	0	1	1	7.0	1100	1100	219	3850000	3016259.496533898
7150872	geneve	0	0	0	0	1	0	1	0	6.0	672	672	162	2590000	2509050.3301277086
7157749	geneve	0	0	0	0	1	0	1	0	12.0	748	748	481	1800000	4258941.238268487
6810784	geneve	0	0	0	0	0	0	0	0	7.0	1913	260	181	651284	3021971.466684894
7197944	geneve	0	0	0	0	0	0	0	0	11.0	620	276	184	3150000	3964138.838286792
7198782	geneve	0	0	0	0	0	0	1	1	10.0	160	160	210	690000	3731994.98407156
7209866	geneve	0	0	0	0	0	0	1	1	7.5	970	525	525	3190000	3327332.334153012
7210753	geneve	0	0	0	0	0	0	0	0	6.0	250	250	250	3250000	2675206.0369565724
7150487	geneve	0	1	0	0	1	1	1	1	6.5	604	180	150	1790000	2659193.1122842785
7171240	geneve	0	0	0	0	1	0	1	1	5.0	757	222	222	2200000	2472198.4028148917
7173834	geneve	0	0	0	0	1	0	1	1	6.0	467	196	150	2190000	2668025.3487649127
7206318	geneve	0	0	0	0	1	0	1	0	6.0	381	381	381	2490000	2614020.430831183
7136641	geneve	0	0	0	0	1	0	0	1	7.0	120	320	240	2100000	3087501.0055912575
7208766	geneve	0	0	0	0	0	0	0	0	11.0	614	320	210	3150000	3978781.912242449
7209492	geneve	0	0	0	0	0	0	0	1	9.0	120	300	240	1890000	3620473.2226325055
7211706	geneve	0	0	0	0	0	0	1	1	9.0	380	380	380	3200000	3587741.2984212656
7213532	geneve	0	0	0	0	0	0	0	0	7.0	245	245	175	1790000	2891062.5851105247
6957950	geneve	0	0	0	0	1	0	1	0	6.5	576	314	208	2990000	2658334.6699462445
7057887	geneve	1	1	1	1	1	0	1	1	5.5	1135	1135	180	2500000	2592980.31445269
7150653	geneve	0	0	0	0	0	0	1	0	6.0	440	251	177	2930000	2513410.9961819327
7196573	geneve	0	0	0	0	0	0	0	0	8.0	1200	1200	232	3400000	3256925.465943018
7187612	geneve	0	0	0	0	0	0	0	0	6.0	546	233	155	1980000	2642640.123486391
7190303	geneve	0	0	0	0	1	0	1	0	6.5	535	535	173	2790000	2634873.6941323313
7193905	geneve	0	0	0	0	1	0	0	0	7.0	240	240	160	1795000	2868596.7196024186
7210998	geneve	0	0	0	0	0	0	0	0	7.0	336	336	336	1630000	2991527.092982377
7211906	geneve	0	0	0	0	1	0	1	1	5.5	225	225	225	1170000	2563199.839493145
6956691	geneve	0	0	0	0	1	0	0	0	8.5	1601	1601	450	3495000	3530707.505930194
7168914	geneve	0	1	1	1	1	1	1	1	6.0	503	255	180	1660000	2873249.909470219
7209093	geneve	0	0	0	0	0	0	0	0	4.0	246	246	100	1130000	2068176.126324512
6957951	geneve	0	0	0	0	1	0	1	0	6.5	498	314	208	2990000	2652375.9967082576
7145522	geneve	0	0	0	0	0	0	1	1	6.5	1341	1341	250	2190000	2936147.1872532326
7170412	geneve	0	0	0	0	0	0	1	0	6.0	1000	172	168	1250000	2550963.795034676
7179083	geneve	0	0	0	0	0	0	1	0	7.0	1733	338	267	2000000	2924261.9983548652
6794984	geneve	0	0	0	0	1	0	1	0	7.0	536	358	321	4120000	2850812.2638912317
7008498	geneve	0	0	0	0	1	0	1	1	5.0	750	750	144	2090000	2426359.3497818983
7063569	geneve	0	0	0	0	1	0	1	0	9.0	815	815	815	980000	3678653.8981884825
7157095	geneve	0	0	0	0	0	0	0	0	5.5	1356	277	205	3295000	2603659.7006082037
7174875	geneve	0	0	0	0	0	0	0	0	6.5	210	210	210	730000	2778817.503377257
6800046	geneve	0	0	0	0	1	0	1	1	8.0	1158	1158	188	3190000	3262485.091193998
7065938	geneve	0	0	0	0	0	0	0	0	7.0	300	300	300	2559000	2967867.2590387645
7132487	geneve	0	0	0	0	1	0	0	0	5.5	190	190	175	1690000	2483788.9103065063
7136295	geneve	0	0	0	0	0	0	0	0	5.5	156	156	110	1175000	2456809.490163304
7177172	geneve	0	0	0	0	0	0	0	0	10.0	2500	2500	400	14000000	3973415.862753897
7189632	geneve	0	0	0	0	0	0	0	0	5.0	150	150	150	390000	2349683.93439714
7055725	geneve	0	0	0	0	0	0	0	0	8.0	1200	1200	232	3400000	3256925.465943018
7177691	geneve	0	0	0	0	1	0	0	1	9.5	1330	330	250	3700000	3835245.931668113
7200442	geneve	0	0	0	0	0	0	1	1	15.0	8071	8071	804	22000000	5980353.337837065
7200856	geneve	0	0	0	0	0	0	1	0	6.0	939	939	160	1500000	2541657.212086352
6798297	geneve	0	0	0	0	0	0	1	0	4.0	102	124	108	1400000	1927912.5145670464
6972958	geneve	0	0	0	0	0	0	0	0	12.0	3393	3393	380	5550000	4549619.227956006
7045565	geneve	0	0	0	0	0	0	1	0	7.0	304	304	222	1338255	2788958.9525744063
7167107	geneve	0	0	0	0	0	0	0	1	3.0	103	103	72	366781	1962793.994842033
7207154	geneve	0	0	0	0	0	0	0	1	7.5	1439	1439	200	2790000	3308302.4280282063
6559476	geneve	0	0	0	0	1	0	0	0	8.0	1500	525	350	7700000	3335009.1809265967
7174550	geneve	1	0	0	0	1	0	1	0	5.0	700	200	200	1520000	1972914.5351038603
7190265	geneve	0	0	0	0	0	0	1	0	7.0	3815	3815	280	3250000	3090863.454578875
7206151	geneve	0	0	0	0	1	0	0	1	5.0	750	180	165	1295000	2572466.240547295
7062797	geneve	0	0	0	0	0	0	0	0	7.0	400	400	400	690000	3033589.0199932437
7106060	geneve	0	0	0	0	1	0	1	0	12.5	1460	542	315	3490000	4346816.556437197
7141323	geneve	0	0	0	0	0	0	1	0	6.0	250	125	125	445093	2468693.4124491657
7178909	geneve	0	0	0	0	1	0	1	1	6.5	878	878	282	3820000	2905991.9598401
6732696	geneve	0	0	0	0	0	0	0	0	6.0	1733	338	267	3500000	2798371.235894326
7040259	geneve	0	0	0	0	0	0	0	0	7.0	2000	2000	370	3375000	3138393.483731493
7076022	geneve	0	0	0	0	1	0	0	1	7.0	800	320	230	2390000	3133640.1696779993
7104453	geneve	0	0	0	0	0	0	0	0	12.0	1000	1000	256	3800000	4294787.967744352
7203316	geneve	0	0	0	0	0	0	1	1	7.0	1000	1000	220	995000	3022572.5300640594
7214219	geneve	0	0	0	0	0	0	1	0	6.0	74	314	236	1650000	2519719.705322712
7141309	geneve	0	0	0	0	0	0	1	0	14.0	4454	630	580	6500000	5132528.439288233
7180204	geneve	0	0	0	0	1	0	1	0	7.0	1200	1200	210	2150000	2837065.8753784215
7184975	geneve	0	0	0	0	1	0	1	0	4.5	1480	1480	170	1550000	2185722.1559093217
7214217	geneve	0	0	0	0	0	0	1	1	9.0	380	380	380	3200000	3587741.2984212656
6889586	geneve	0	0	0	0	0	0	0	1	9.5	503	503	470	3350000	3913221.610366336
7098368	geneve	1	1	0	0	1	1	1	1	7.0	757	222	222	2200000	2542055.0138367005
7209639	geneve	0	0	0	0	1	0	0	1	7.0	150	150	150	4200000	3037518.610329129
6807512	geneve	0	0	0	1	0	0	1	0	6.0	840	180	180	986343	2632879.7183579355
6985874	geneve	0	0	0	0	1	0	1	0	11.0	1345	1345	266	2860000	3919870.4268837776
7196694	geneve	0	0	0	0	1	0	1	1	8.0	657	657	196	2500000	3228858.6695301617
7202512	geneve	0	0	0	0	1	0	1	1	6.0	634	634	160	1220000	2686591.264582975
6665286	geneve	0	0	0	0	1	0	1	1	7.5	917	917	192	1690000	3116497.445402691
7017797	geneve	0	0	0	0	1	0	1	1	7.0	870	260	185	2250000	2978941.0214677677
7039307	geneve	0	0	0	0	1	0	0	0	6.0	188	188	188	1690000	2621087.0113334516
7199388	geneve	0	0	0	0	0	0	0	0	11.0	2200	2200	510	18000000	4274188.910286027
5633561	geneve	0	1	1	1	1	0	1	0	14.0	4800	1100	990	5400000	5670672.464547476
6957952	geneve	0	0	0	0	1	0	1	0	6.5	948	314	208	3490000	2686752.9576966423
7015116	geneve	0	0	0	0	0	0	0	1	7.0	301	301	251	2790000	3121088.7850565384
6940997	geneve	0	1	1	1	1	1	1	0	7.0	480	234	234	2250000	2981052.195445819
7173769	geneve	0	0	0	0	0	0	1	0	8.0	703	703	166	530000	3046714.0352664394
7174849	geneve	0	0	0	0	0	0	0	0	7.0	200	200	200	1870000	2902145.498084285
7207722	geneve	0	0	0	0	0	0	1	1	5.5	1025	250	165	1750000	2602836.508862935
7214362	geneve	0	0	0	0	1	0	0	0	8.0	1130	566	335	6000000	3298031.3142259214
7050802	geneve	0	0	0	0	0	0	0	1	9.0	1100	1100	310	8100000	3735996.309743819
7137966	geneve	0	0	0	0	1	0	1	1	6.0	1328	154	154	2200000	2736123.231574304
7145849	geneve	0	0	0	0	0	0	0	0	7.0	171	171	171	2880000	2883086.1874074857
7180108	geneve	0	0	0	0	1	0	1	1	10.5	1800	1800	360	6250000	4060932.199969286
7196210	geneve	0	0	0	0	0	0	1	1	5.5	576	256	128	2500000	2547045.439693745
6957041	geneve	0	0	0	0	0	0	0	0	12.0	1650	1650	303	1490000	4371742.323117394
7162018	geneve	0	0	0	0	0	0	1	0	5.0	357	357	213	2150000	2268179.692170331
7206156	geneve	0	0	0	0	0	0	0	0	6.5	3815	3815	280	3250000	3094872.8629208133
7206588	geneve	0	0	0	0	0	0	1	1	6.5	1150	1150	180	2555000	2880898.3717415533
7079871	geneve	0	0	0	0	0	0	0	0	5.0	150	150	150	423000	2349683.93439714
7179437	geneve	0	0	0	0	1	0	1	0	10.5	1026	1026	385	690000	3834718.9095884375
7184963	geneve	0	0	0	0	0	0	0	0	6.5	600	339	203	3280000	2804545.099026863
7203535	geneve	0	0	0	0	1	0	0	1	5.0	437	247	161	2790000	2546231.8568970915
7213412	geneve	0	0	0	0	0	0	0	0	6.0	303	247	146	1890000	2618849.1452865275
7106535	basel	0	0	0	0	0	0	0	0	6.5	200	200	200	800000	1076255.1219305526
7115900	basel	0	0	0	0	0	0	1	0	6.5	373	373	110	560000	903287.3817936514
7128093	basel	0	0	0	0	1	0	0	0	4.5	409	409	123	1200000	514525.61749363935
7152608	basel	0	0	0	1	1	0	0	0	5.5	662	316	194	1460000	922060.9306958577
7162329	basel	0	0	0	0	1	0	1	0	5.5	321	321	150	995000	649376.032048189
7201599	basel	0	0	0	0	0	0	0	0	6.5	245	245	245	990000	1105829.9143600683
7123186	basel	1	1	0	0	1	0	1	1	8.5	610	225	205	2300000	1316557.3334904173
7190128	basel	0	0	0	1	1	0	1	1	4.5	504	504	137	790000	664779.4148451372
7202928	basel	0	1	1	1	1	0	1	1	7.5	616	616	201	1550000	1689685.7990409085
7204408	basel	1	1	1	1	1	0	1	0	5.0	368	368	110	740000	486233.0861687205
6148894	basel	0	1	1	1	1	1	1	0	7.5	350	360	300	850000	1443365.446785388
6697106	basel	0	0	0	0	1	0	1	1	4.5	366	366	125	949000	560098.3040229023
7198023	basel	0	0	0	0	0	0	1	0	4.5	460	460	113	715000	392075.38413021225
7201261	basel	0	0	0	0	1	0	1	1	8.5	603	603	603	990000	1895038.9153646794
7170603	basel	0	1	1	1	1	1	1	1	4.5	150	150	100	575000	714126.4266149969
7203484	basel	0	0	0	0	0	0	1	1	5.5	899	899	204	1290000	919872.9045881847
7204538	basel	0	0	0	0	1	0	1	0	5.5	201	245	136	895000	632077.3013706312
7209708	basel	0	0	0	1	1	0	1	0	4.0	1009	1009	82	675000	359906.9670831495
6658401	basel	0	0	0	0	0	0	0	0	6.0	912	912	912	325000	1414293.8891239706
7162103	basel	0	0	0	0	0	0	0	0	5.5	856	856	126	795000	823587.7472671088
7182352	basel	0	0	0	0	1	0	0	0	7.5	172	172	163	1270000	1299054.4173707725
7187681	basel	0	0	0	0	0	0	1	1	4.5	296	296	130	240000	571026.4324039051
7210823	basel	0	0	0	0	1	0	1	1	8.5	693	272	223	1100000	1681201.0496588587
6830155	basel	0	0	0	0	1	0	1	0	3.5	166	240	120	550000	100509.6647218329
7111744	basel	0	0	0	0	0	0	1	1	7.5	481	481	481	950000	1568429.5592266046
7146671	basel	0	0	0	1	0	0	1	0	6.5	932	287	180	1300000	1073817.8625001148
7155186	basel	0	0	0	0	1	0	1	1	6.5	699	34	190	1290000	1142891.5219529686
7194238	basel	0	1	1	1	1	0	1	1	5.0	548	548	155	860000	1008272.283563367
6885567	basel	0	0	1	1	1	1	1	1	6.5	712	712	276	1895000	1426187.6503579463
7047212	basel	0	0	0	1	1	0	0	0	4.5	370	257	154	1430000	616720.7865556179
7124730	basel	0	0	0	0	1	0	1	1	7.5	705	705	203	2245000	1410700.9397555175
7214340	basel	0	0	0	0	1	0	0	0	5.5	582	582	165	1300000	811936.6140094254
7058373	basel	1	1	0	0	1	0	1	0	6.0	2056	2056	2056	585000	1671021.4833024791
7090858	basel	1	1	1	1	1	1	1	1	6.0	403	178	150	790000	851649.85845257
7127684	basel	0	0	0	0	0	0	0	1	6.5	254	17	154	795000	1235267.9631090034
7200910	basel	0	0	0	1	1	0	0	0	7.5	634	288	192	1550000	1438360.9542740113
6715810	basel	0	0	0	1	0	0	1	1	9.0	699	699	239	630000	1921393.254009936
6864451	basel	0	1	0	0	1	0	0	1	5.5	430	158	130	935000	914299.0663220134
7187300	basel	0	0	0	0	1	0	1	1	6.0	649	115	297	1580000	1071319.895649171
7207493	basel	0	0	0	0	0	0	1	1	5.5	444	444	192	575000	878144.0850117485
6313907	basel	0	1	1	1	1	1	1	0	4.5	415	415	116	950000	562058.3002278605
7077689	basel	0	0	0	0	1	0	1	0	4.5	631	631	325	820000	514901.86041009077
7174953	basel	0	0	0	0	1	0	0	1	7.5	782	782	190	950000	1542942.0821735263
7187578	basel	0	0	0	0	1	0	1	1	5.5	824	824	142	850000	864760.7667587333
7197637	basel	0	0	0	0	1	0	1	0	5.5	461	461	186	1450000	680980.7636424504
7112096	basel	1	1	1	1	1	0	1	1	6.5	519	519	150	1390000	1092307.4798885025
7118073	basel	0	0	0	0	1	0	0	0	6.5	248	248	172	1220000	1050287.3817766602
7166619	basel	0	0	0	0	0	0	1	1	6.5	809	809	165	1390000	1150145.7038422069
7188372	basel	1	1	0	0	1	1	1	1	4.5	2234	2234	156	450000	271062.3718099443
6606005	basel	0	0	0	1	0	0	1	0	5.5	343	343	343	1095000	863696.269777041
6839500	basel	0	0	0	0	0	0	0	0	5.5	242	199	125	1090000	776101.4694667201
7008900	basel	0	0	0	1	0	0	1	1	5.5	649	649	140	925000	950770.7841330684
7150558	basel	0	0	0	0	1	0	1	0	7.0	471	471	259	1490000	1113845.3870082758
7161478	basel	0	1	0	0	1	0	0	0	4.5	152	152	152	548000	464434.01158136385
7199398	basel	0	0	0	0	1	0	0	0	5.5	394	187	133	1490000	778988.3040280187
7003340	basel	0	0	0	0	0	0	0	0	5.5	128	179	127	670000	768554.2880754707
7094575	basel	1	1	1	0	1	0	1	1	6.0	703	703	180	420000	906719.4469241119
7161044	basel	0	0	0	0	1	0	1	1	5.5	274	274	120	1100000	809966.3451223766
7177327	basel	0	0	0	1	1	0	1	1	6.5	305	305	155	739000	1179632.6805057833
7187234	basel	0	0	0	0	0	0	1	1	5.5	1244	1244	1244	890000	1550285.9120993777
6660965	basel	0	0	0	0	1	0	1	1	5.5	571	571	139	850000	843690.8022698854
6904972	basel	0	0	0	0	0	0	1	0	10.0	209	209	248	980000	1880213.8470426295
7149976	basel	0	0	0	0	0	0	0	0	5.0	175	175	175	620000	670124.1692845036
7184314	basel	1	1	1	1	1	0	1	0	8.0	383	383	166	855000	1299306.174005812
7214755	basel	0	0	0	0	0	0	0	0	3.5	83	83	83	460000	219959.6367989534
7115292	basel	0	0	0	0	1	0	0	1	9.0	1462	381	230	2600000	2007822.976812894
7141651	basel	0	0	0	0	1	0	1	0	5.5	340	340	340	995000	761184.1326861138
7193141	basel	0	0	0	0	1	0	1	1	6.5	686	686	220	2280000	1159323.1406337554
7194273	basel	0	0	0	0	0	0	0	0	5.5	425	425	181	960000	822607.5979246172
7215241	basel	0	0	0	1	1	0	1	0	5.5	128	128	128	730000	709022.949893567
7101389	basel	1	1	0	0	0	0	1	1	6.0	3245	3245	3245	900000	2647430.28143601
7110734	basel	0	0	0	1	0	0	0	0	4.5	268	268	118	1495000	601390.5321650518
7116044	basel	0	0	0	0	0	0	0	0	4.5	469	469	171	1400000	560360.3155428228
7140314	basel	0	0	0	0	1	0	1	0	6.5	433	350	232	585000	965360.0150350406
7214319	basel	0	0	0	1	1	0	0	0	4.5	2116	2116	110	1125000	724547.1232227765
7094684	basel	0	0	0	1	0	0	1	0	6.5	250	202	150	965000	1004292.9374039337
7114941	basel	1	1	0	0	1	0	0	1	7.5	700	700	190	610000	1188829.5977839967
7163873	basel	0	0	0	0	0	0	1	1	7.5	487	487	176	615000	1391736.488020748
7166447	basel	1	1	0	0	1	1	1	1	6.0	1478	1478	210	1100000	634374.1053537
6480350	basel	0	0	0	0	0	0	0	0	4.5	120	120	120	695000	504077.0299570636
7162071	basel	0	0	0	0	1	0	1	0	5.5	1356	1356	1356	355000	1428917.2239836259
7164284	basel	0	0	0	0	0	0	0	0	8.0	516	516	151	590000	1461635.506494199
7179366	basel	0	0	0	1	1	0	0	1	5.5	405	405	405	890000	1206587.3334353156
7200139	basel	0	0	0	0	1	0	1	0	5.5	389	389	130	950000	642954.2855616884
7211677	basel	0	0	0	0	1	0	1	0	6.0	947	947	198	655000	854977.9446672293
7005337	basel	0	0	0	0	1	0	0	1	4.5	134	134	134	1760000	681512.0692127736
7072986	basel	0	0	0	0	0	0	0	0	6.5	977	977	183	750000	1125738.6604011296
7148344	basel	0	1	1	1	1	0	1	1	6.5	495	495	212	2140000	1427030.9425843554
7165488	basel	0	0	0	0	1	0	1	1	5.5	160	160	160	590000	824490.4895214768
7167112	basel	0	0	0	0	0	0	1	1	9.0	674	674	200	1025000	1809662.322259711
7203258	basel	0	0	0	0	1	0	0	1	4.5	240	240	132	930000	688448.1046308962
6503361	basel	0	0	0	1	1	0	1	0	4.5	329	329	150	895000	477355.7868473128
7049616	basel	0	0	0	0	0	0	0	0	6.0	201	201	170	690000	929006.6134875988
7161971	basel	0	0	0	0	0	0	0	1	9.0	4219	4219	228	2500000	2230649.042907265
7165487	basel	0	0	0	0	0	0	0	1	5.5	271	271	171	995000	986640.3208663122
7177670	basel	0	0	0	0	0	0	0	0	8.5	320	55	270	2250000	1645680.7001406364
7197996	basel	0	0	0	0	1	0	1	1	14.0	971	971	340	1550000	3199296.7015120173
6995253	basel	0	0	0	0	0	0	0	0	3.5	65	65	89	325000	222069.50453684165
7161268	basel	0	0	0	0	0	0	0	0	6.0	677	677	677	845000	1259847.7508809436
7164141	basel	0	0	0	0	1	0	1	1	5.5	548	548	125	650000	833802.2165164907
7181349	basel	0	1	1	0	1	0	1	1	5.0	450	450	227	1586080	955436.1490906969
7214001	basel	0	1	1	1	1	0	1	1	5.5	688	454	227	2290000	1190686.8630246469
7077648	basel	0	0	0	0	1	0	0	1	6.5	274	274	139	725000	1214711.9287669184
7085581	basel	1	1	1	1	1	0	1	1	6.0	715	715	210	780000	1012229.8472018699
7163477	basel	0	1	0	0	0	0	1	1	5.5	833	833	833	1650000	1232867.026526677
7201455	basel	0	0	0	0	1	0	0	0	5.5	157	157	135	1000000	762044.753299944
7150440	basel	0	0	0	0	1	0	0	1	4.5	152	152	152	1330000	693341.98618458
7165853	basel	1	1	0	0	0	0	1	0	4.0	111	111	111	195000	-113495.91664070977
7168002	basel	0	0	0	1	1	0	0	1	7.5	194	194	168	1650000	1572413.6675957665
7168945	basel	0	1	1	1	1	0	1	1	5.5	480	480	205	950000	1162018.931739462
7188220	basel	0	0	0	0	0	0	1	0	5.5	670	670	140	525000	683600.5653281508
7071812	basel	1	1	1	1	1	0	1	1	6.5	500	231	231	1100000	1137902.7815975454
7087973	basel	0	0	0	0	1	0	0	0	4.0	96	41	108	670000	352001.99504901643
7157804	basel	0	0	0	0	0	0	0	0	6.0	662	662	190	1190000	975840.3874471117
7176573	basel	0	0	0	0	1	0	1	1	5.5	437	437	170	1150000	851459.6624700328
7142726	basel	0	0	0	0	0	0	1	1	5.0	567	567	200	1500000	762286.8784493288
7163518	basel	1	1	1	0	1	0	1	1	5.5	650	215	165	780000	764058.0686061111
7211711	basel	0	0	0	0	0	0	1	0	5.5	1371	1371	116	995000	723212.4465136952
7213626	basel	0	0	0	0	0	0	1	1	6.5	337	337	188	1114000	1127447.0517745144
6590018	basel	1	1	1	1	1	0	1	0	4.5	250	85	150	1046190	370551.48677878093
7175549	basel	0	0	0	0	0	0	1	1	6.5	600	600	200	1290000	1154508.3679959062
7184403	basel	0	0	0	0	1	0	1	1	7.5	721	721	216	1590000	1419473.9484195225
7193081	basel	0	0	0	0	1	0	0	0	5.5	411	216	160	2050000	795969.2470193197
6217144	basel	0	0	0	0	1	0	1	0	11.0	2000	2000	414	807909	2359879.8037920636
6667527	basel	0	0	0	1	1	0	0	0	5.5	131	189	139	695000	849550.7767698473
7125667	basel	0	0	0	0	0	0	1	0	5.5	441	441	153	680000	673657.2285651463
7161645	basel	0	0	0	0	1	0	0	1	5.5	365	365	120	735000	950827.7097111085
6920646	basel	0	0	0	1	0	0	1	0	9.0	202	202	202	855000	1680329.7824485595
7118160	basel	0	0	0	0	0	0	0	0	5.5	211	211	140	830000	782445.6442644127
7168074	basel	0	0	0	0	0	0	0	1	6.5	500	500	170	450000	1263353.8915891168
7181612	basel	0	0	0	0	0	0	1	0	5.5	525	525	130	180000	666715.3009361875
7187258	basel	0	0	0	0	0	0	0	0	6.5	225	225	225	890000	1092685.5621691728
7071574	basel	0	0	0	0	0	0	0	0	4.5	292	190	150	1145000	534641.3992664088
7149970	basel	0	0	0	0	0	0	1	0	6.0	808	808	808	600000	1212033.6785868974
7150849	basel	0	0	0	0	1	0	1	1	6.5	951	951	147	850000	1137167.1725015943
7176228	basel	0	0	0	0	1	0	1	0	9.0	966	966	291	2150000	1689847.1069183303
7183692	basel	0	0	0	0	1	0	1	0	5.5	401	401	164	997000	663619.0328601125
7210856	basel	0	0	0	0	0	0	0	1	5.5	190	190	148	690000	967093.5075416124
6206062	basel	0	0	0	1	1	0	1	0	5.5	153	178	162	920000	730680.8093983224
7106276	basel	0	0	0	0	0	0	0	0	5.0	267	267	148	895000	661470.0901770558
7203153	basel	0	0	0	1	1	0	1	0	6.5	431	431	133	580000	994874.5670452184
7212098	basel	1	1	1	1	1	0	1	1	7.5	1472	264	264	2050000	1491124.562913239
6448827	basel	0	0	0	0	1	0	0	1	6.5	830	830	120	660000	1246150.9110040586
6630618	basel	0	0	0	1	1	0	1	0	7.5	495	495	190	1295000	1292671.0651207105
7153397	basel	0	0	0	0	0	0	1	0	5.5	389	389	150	1150000	667942.3066511101
7198912	basel	0	0	0	0	0	0	1	0	5.5	468	39	121	765000	657133.4666115232
6136660	basel	0	0	0	1	1	0	1	1	6.5	2208	2208	186	1245000	1343014.584113352
7171229	basel	0	1	1	1	1	1	0	1	5.5	200	208	135	800000	1131984.8623980442
7198913	basel	0	0	0	0	0	0	1	1	5.5	241	57	139	730000	831852.5647097462
6871300	bern	0	0	0	0	1	0	0	1	4.5	604	604	172	925000	802630.935259232
7127346	bern	0	0	0	0	0	0	0	0	5.5	160	160	160	1090000	853308.790278715
7161693	bern	0	0	0	0	0	0	0	0	5.0	565	565	141	880000	743312.2214706097
7197995	bern	0	0	0	0	0	0	1	1	8.0	613	613	187	1480000	1600793.990226822
7210867	bern	0	0	0	0	1	0	1	1	5.5	774	774	200	1250000	957771.6318100261
7140230	bern	0	1	1	1	1	0	1	0	6.0	711	312	135	680000	1150445.424894181
7160937	bern	0	0	0	0	0	0	0	0	7.5	164	164	200	1890000	1396448.0209913412
7182268	bern	0	0	0	0	0	0	1	1	9.5	658	658	198	925000	2000321.266725033
7191970	bern	0	0	0	0	0	0	0	0	10.5	741	741	252	1190000	2250130.8159889774
7203524	bern	0	0	0	0	0	0	1	0	6.5	5938	289	189	1590000	1437443.6383543252
7130632	bern	0	1	1	1	1	1	1	0	5.0	314	314	201	580000	796755.5383013523
7150727	bern	0	1	1	1	1	0	1	1	6.5	2057	2057	207	1700000	1606595.7863577572
7159151	bern	0	0	0	1	0	0	1	1	6.5	386	182	156	945000	1262915.6060128463
7190111	bern	0	0	0	0	1	0	1	1	7.5	770	770	205	1270000	1479970.8638478876
6992862	bern	0	0	0	0	1	0	1	1	5.5	427	427	188	950000	924293.2828708024
7006683	bern	0	0	0	1	1	0	0	0	6.5	706	299	184	1245000	1242557.0458588758
7057532	bern	0	0	0	0	0	0	0	0	13.0	424	546	546	790000	3046177.3735099672
7189108	bern	0	1	1	1	1	0	1	1	5.5	100	100	100	610000	1135145.6542459307
6587206	bern	0	0	0	0	1	0	1	1	4.5	164	164	121	690000	605486.2850847407
7169255	bern	1	1	1	1	1	0	1	1	6.5	773	175	160	1350000	1180662.3224992258
7196526	bern	1	0	1	0	1	0	1	0	4.5	531	531	155	1435000	418198.3228531284
7196551	bern	0	0	0	0	1	0	1	0	6.0	1355	1355	1355	1250000	1621302.8915114645
6976911	bern	0	0	0	0	1	0	0	0	6.5	619	619	210	990000	1163843.316405674
7015728	bern	0	0	0	0	0	0	1	1	9.0	340	340	340	2950000	1928605.1030231244
7072970	bern	0	1	1	1	1	1	1	1	5.5	209	209	209	1320000	1104886.5396631965
7104422	bern	0	0	0	1	0	0	0	0	7.0	363	363	125	990000	1325357.2294835495
7206822	bern	0	0	0	0	0	0	0	0	6.0	724	724	724	830000	1353879.6928644557
7090858	bern	1	1	1	1	1	1	1	1	6.0	403	178	150	790000	914792.5727874768
7134344	bern	0	0	0	0	1	0	0	0	5.5	797	494	354	2350000	1001279.6809609608
7146671	bern	0	0	0	1	0	0	1	0	6.5	932	287	180	1300000	1136960.5768350214
7179443	bern	0	0	0	0	0	0	1	1	7.5	1465	1465	261	990000	1578961.8684172453
7111659	bern	0	1	1	1	1	0	1	0	9.0	483	247	227	595000	1965864.6308620865
7123408	bern	0	0	0	0	0	0	1	1	5.5	700	200	150	1075000	936448.8472447485
7127415	bern	0	0	0	0	0	0	0	0	11.0	2602	2602	515	3800000	2674955.6262338213
7177755	bern	0	0	0	0	1	0	1	0	7.5	300	300	282	1650000	1307183.9873168636
7206846	bern	0	0	0	1	1	0	0	0	4.5	933	279	193	860000	745525.0489025795
7065335	bern	1	1	1	1	1	0	1	1	5.5	476	160	160	1900000	898173.1866419393
7087133	bern	1	1	1	1	1	1	1	1	6.5	595	595	257	2350000	1121508.4537757188
7110113	bern	1	1	1	0	1	0	1	1	4.5	984	984	148	450000	583041.7715447436
7160810	bern	0	0	0	0	1	0	0	1	4.5	100	100	100	790000	722309.3848231576
7182387	bern	0	1	0	0	1	0	1	1	5.5	250	250	165	875000	850110.2698187901
7203568	bern	0	0	0	1	1	0	0	0	7.5	180	180	150	1300000	1442426.5113920048
7210823	bern	0	0	0	0	1	0	1	1	8.5	693	272	223	1100000	1744343.7639937657
7211741	bern	0	0	0	0	0	0	1	1	4.5	111	132	91	445000	597384.2459570003
7008124	bern	0	0	0	0	1	0	0	0	5.5	997	997	200	1280000	927111.3784019247
7105839	bern	0	0	0	1	1	0	0	0	4.5	794	111	100	585000	680889.7218694343
7187759	bern	0	0	0	0	0	0	1	1	10.0	899	899	216	860000	2159087.0485002263
7193046	bern	0	0	0	0	1	0	0	0	3.5	388	388	93	790000	298839.0011570174
7196676	bern	0	0	0	0	0	0	0	0	6.5	260	260	178	740000	1131203.2950800238
7127092	bern	0	0	0	0	1	0	1	1	5.5	1050	1050	131	820000	938779.28684253
7148269	bern	0	0	0	0	0	0	0	0	6.5	182	182	182	1350000	1127567.9192936532
7162338	bern	0	0	0	0	1	0	1	1	9.5	1234	1234	312	895000	2097166.220329872
7189883	bern	0	0	0	0	0	0	1	1	16.5	1905	1905	368	2200000	4012926.1782145165
7210746	bern	0	0	0	1	1	0	1	1	8.5	535	535	336	1395000	1885075.7344636056
6635656	bern	0	1	0	0	1	0	0	1	6.5	896	896	147	1190000	1282715.3893658784
6979303	bern	0	1	1	1	1	0	1	1	5.0	825	255	210	1580000	1124521.2671775073
7129124	bern	0	0	0	0	0	0	0	0	5.5	1644	1644	155	1090000	963772.2464792234
7207732	bern	0	0	0	0	0	0	1	1	8.0	1490	415	200	1950000	1675341.5842486024
7104163	bern	0	0	0	1	0	0	1	0	5.5	447	447	140	925000	816876.5360930966
7159348	bern	0	0	0	0	0	0	1	1	5.5	559	559	174	970000	939617.1841780826
7162110	bern	0	0	0	0	1	0	1	0	5.5	210	210	170	835000	715655.5832640397
7168127	bern	0	0	0	0	1	0	1	0	6.0	263	263	140	895000	832179.8652513631
7203928	bern	0	0	0	0	0	0	0	0	6.5	3400	3400	400	1900000	1500021.098096982
6956705	bern	0	0	0	0	1	0	1	0	5.5	615	198	158	1020000	739624.9557987388
7164293	bern	0	0	0	0	1	0	0	1	3.5	257	257	81	395000	463467.12004564423
7209702	bern	0	0	0	0	1	0	1	0	6.5	372	372	180	1610000	993639.8744538502
7209709	bern	0	0	0	1	1	0	0	0	7.0	566	566	162	765000	1348984.0261477455
7214152	bern	0	0	0	0	1	0	1	1	6.5	1039	1039	307	1250000	1299964.390605527
7048211	bern	0	1	1	1	1	1	1	1	6.5	1408	160	200	1100000	1451054.9647243982
7135405	bern	0	0	0	1	1	0	1	1	11.0	2602	750	515	3800000	2796448.99024244
7176861	bern	0	0	0	0	0	0	0	0	5.5	109	109	155	1295000	846508.6128855116
7179918	bern	0	1	0	0	0	0	0	0	3.5	123	123	123	170000	262088.60746586183
7142726	bern	0	0	0	0	0	0	1	1	5.0	567	567	200	1500000	825429.5927842358
7170333	bern	1	0	0	0	1	0	1	1	6.0	933	279	193	395000	795206.7681728814
7200726	bern	1	1	1	1	1	0	1	1	7.5	341	276	191	1590000	1425466.3368053515
7211937	bern	0	0	0	0	1	0	1	0	5.5	140	140	140	895000	692883.3251120618
7144746	bern	0	0	0	1	1	0	1	1	4.5	126	288	145	695000	703692.0768530326
7173493	bern	0	0	0	0	0	0	0	0	4.5	400	400	99	830000	576412.541730427
7183758	bern	0	1	1	1	1	0	1	0	6.0	933	279	193	550000	1201092.5386968795
7207033	bern	0	0	1	0	1	0	1	0	5.5	933	279	193	835000	1031325.8655132436
7207317	bern	0	0	0	0	1	0	0	0	5.5	421	421	160	1050000	859875.8938206352
7104372	bern	0	0	0	0	0	0	0	0	5.0	641	641	119	550000	736339.9722314281
7122116	bern	0	1	1	1	1	0	1	1	4.5	924	250	164	990000	975466.1070988945
7127230	bern	0	0	0	0	1	0	0	0	3.5	174	174	34	155000	248222.20896454202
7213974	bern	0	0	0	0	1	0	1	1	6.5	441	232	180	1020000	1180516.5350254956
7108154	bern	1	1	1	1	1	0	1	1	4.5	525	525	115	625000	615979.017791711
7152127	bern	1	1	1	1	1	0	1	1	5.5	979	979	155	1450000	933694.8678877692
7197746	bern	0	1	0	0	1	0	0	1	4.5	291	291	140	820000	712831.0213979281
7205663	bern	0	0	0	0	0	0	1	1	7.0	240	240	240	630000	1343282.6588587393
7111404	bern	1	1	1	1	1	1	1	0	5.5	259	175	110	1050000	569053.2733991337
7157813	bern	0	0	0	0	0	0	0	0	5.5	650	650	220	1150000	925590.94290697
7160255	bern	0	0	0	0	0	0	0	0	10.0	714	714	190	1480000	2082156.917027154
7183325	bern	0	0	0	0	0	0	1	1	7.5	1181	250	180	1490000	1510219.4129760233
7210672	bern	0	0	0	0	0	0	0	0	5.5	180	26	164	1100000	857159.9526631477
7042304	bern	0	1	1	0	1	0	1	0	9.5	780	280	280	2150000	2062068.3367198561
7057964	bern	0	0	0	0	0	0	0	0	6.0	570	570	393	1480000	1149862.2687605596
7080488	bern	0	0	0	0	0	0	0	0	6.0	1436	1436	373	1290000	1204402.333093461
7211561	bern	0	0	0	0	0	0	1	1	6.5	3008	3008	300	4560000	1459688.4565323847
7103645	bern	0	0	0	0	1	0	1	0	3.0	531	152	133	480000	69186.45999592659
7186456	bern	0	0	0	0	0	0	0	0	7.5	76	76	235	975000	1410054.267988584
7194386	bern	0	0	0	0	1	0	0	1	4.5	160	160	160	995000	761742.4413958454
7208653	bern	0	0	0	0	0	0	1	1	9.0	526	526	178	789000	1848720.7001078846
7208701	bern	0	0	0	0	0	0	1	1	4.5	956	956	96	690000	664840.661183042
6789390	bern	0	1	1	1	1	0	1	1	6.5	518	518	160	1120000	1461727.8347209971
7152606	bern	0	0	0	1	1	0	0	0	5.5	587	587	150	1270000	953917.8795649273
7203153	bern	0	0	0	1	1	0	1	0	6.5	431	431	133	580000	1058017.2813801253
7208424	bern	0	0	0	0	1	0	1	0	8.0	680	680	298	645000	1475406.7816493274
7100412	bern	0	0	0	0	0	0	0	0	8.5	872	355	229	1750000	1727178.6877422333
7112968	bern	1	1	1	1	1	1	1	1	6.5	1126	1126	250	1550000	1158007.4972016849
7163873	bern	0	0	0	0	0	0	1	1	7.5	487	487	176	615000	1454879.2023556544
7197734	bern	0	0	0	0	0	0	1	0	2.5	1360	1360	51	313000	-31639.773268061515
7138294	bern	0	0	0	1	1	0	0	1	7.5	975	232	167	1435000	1694638.6831942773
7157089	bern	0	0	0	0	0	0	0	0	9.0	301	301	244	850000	1822170.6801563408
7176354	bern	0	1	1	1	1	1	1	0	4.5	333	333	200	942000	667726.0148221483
7200388	bern	0	0	0	0	0	0	1	1	9.5	664	664	224	697000	2015881.0596403806
7135215	bern	0	0	0	0	1	0	1	0	6.0	446	446	130	980000	840351.5857576003
7203527	bern	0	0	0	0	0	0	0	0	5.5	239	129	112	630000	831464.2873439534
7204209	bern	0	0	0	0	1	0	1	1	6.5	633	633	190	1450000	1200992.2820095788
7205810	bern	0	0	0	0	0	0	0	0	8.0	580	580	186	480000	1549996.2413157583
7206349	bern	0	0	0	0	0	0	1	1	6.5	353	353	185	1290000	1190069.5849669627
6997118	bern	0	0	0	0	1	0	0	0	6.5	596	596	207	1795000	1160343.7986442223
7121436	bern	0	0	0	0	1	0	1	1	8.5	2030	253	166	890000	1813374.5460670637
7173568	bern	0	0	0	0	1	0	0	0	8.5	348	306	204	900000	1659256.4835984842
7181598	bern	0	0	0	0	0	0	0	0	5.0	159	159	159	855000	722751.4018666937
6188931	bern	0	0	0	0	0	0	1	1	5.5	343	343	236	1190000	959127.3534037025
6886063	bern	0	0	0	0	1	0	1	1	7.5	500	500	210	1225000	1462248.809069377
7195141	bern	1	1	1	1	1	0	1	1	6.0	933	279	193	1290000	1082152.2751351162
7199744	bern	0	0	0	1	1	0	1	1	6.5	550	286	224	1340000	1301568.6213080715
7169146	bern	0	0	0	0	1	0	1	1	5.5	527	218	166	1850000	919154.471551001
7180067	bern	0	0	0	0	0	0	1	1	9.5	732	732	279	2895000	2053021.1403716751
7185167	bern	0	0	0	0	1	0	1	0	4.5	148	148	148	1146000	438340.72438346746
7200142	bern	0	0	0	0	1	0	0	0	5.5	100	100	127	625000	816186.4576730909
7214755	bern	0	0	0	0	0	0	0	0	3.5	83	83	83	460000	283102.3511338603
6894295	bern	0	0	0	0	0	0	0	1	4.5	96	96	125	695000	749895.9547405358
7181535	bern	0	1	1	1	1	1	0	1	6.5	251	120	120	690000	1450111.6084730285
7186273	bern	1	1	1	0	1	0	0	1	6.5	614	614	185	1250000	1229777.0340693928
7207493	bern	0	0	0	0	0	0	1	1	5.5	444	444	192	575000	941286.7993466553
7075646	bern	0	1	1	0	1	0	1	0	4.0	596	596	106	1025000	518046.66136541346
7089509	bern	0	0	0	0	0	0	1	1	11.0	959	959	277	1165000	2458901.2710407707
7187570	bern	0	1	0	0	1	0	1	1	5.5	250	250	165	885000	850110.2698187901
7027914	zuerich	0	0	0	0	0	0	0	0	9.0	805	805	204	1100000	2171088.693878189
7112902	zuerich	0	0	0	1	0	0	1	1	5.5	94	167	158	955000	1315618.8770455872
7143357	zuerich	0	0	0	0	1	0	0	0	5.5	221	221	130	695000	1160821.305536361
7214012	zuerich	1	1	1	1	1	0	0	1	20.0	1422	1000	760	2950000	5553599.140053797
6909770	zuerich	0	0	0	0	0	0	1	0	5.5	470	470	133	1550000	1061047.651725574
7105833	zuerich	0	0	0	1	1	0	0	1	5.5	344	344	154	1285000	1452931.9365672562
7148382	zuerich	0	1	1	1	1	0	1	1	6.5	694	300	200	1450000	1832054.8125769603
7203171	zuerich	0	0	0	0	1	0	1	1	5.5	140	140	140	1288000	1208137.643596503
7114160	zuerich	0	1	1	0	1	0	0	1	5.5	186	186	174	1450000	1565085.8969564154
7141934	zuerich	0	0	0	0	1	0	1	1	6.5	743	743	199	1150000	1548271.7503372235
7145285	zuerich	0	1	1	1	1	0	0	1	5.5	541	541	137	930000	1657883.9485174227
7177651	zuerich	0	0	0	0	0	0	1	0	5.5	484	484	122	889000	1055728.0891866027
7191989	zuerich	0	0	0	0	0	0	1	1	5.5	1170	1170	159	1250000	1311229.8843631009
7026566	zuerich	0	0	0	0	0	0	0	0	6.5	1559	1559	121	3000000	1530979.9257119843
7145418	zuerich	0	0	0	0	0	0	0	0	5.5	243	263	201	1150000	1217112.0205599824
7150615	zuerich	0	0	0	0	0	0	0	0	6.5	184	184	172	1880000	1455561.2540889103
7202928	zuerich	0	1	1	1	1	0	1	1	7.5	616	616	201	1550000	2086477.30530683
6695204	zuerich	0	0	0	0	0	0	0	0	6.0	156	156	170	845000	1322360.423654682
7049507	zuerich	0	0	0	0	0	0	0	0	7.5	719	719	218	1550000	1782949.9033403015
7052912	zuerich	0	0	0	0	1	0	0	1	5.5	375	375	145	1450000	1362903.7575160377
7101473	zuerich	0	0	0	0	1	0	0	1	7.0	210	16	181	1520000	1760909.0612922674
7153995	zuerich	0	0	0	0	0	0	0	0	6.0	146	77	90	590000	1275130.5421559582
7166630	zuerich	0	0	0	0	0	0	0	1	7.5	420	420	202	1840000	1932420.6593416492
6089567	zuerich	0	0	0	0	0	0	0	0	7.0	250	24	161	1300000	1584114.3111777399
6836443	zuerich	0	0	0	1	1	0	1	1	6.5	2009	2009	130	1400000	1692077.669975123
6997865	zuerich	0	0	0	0	0	0	0	1	6.5	661	242	198	2290000	1688707.7927255267
7150581	zuerich	0	0	0	0	0	0	0	0	5.5	441	441	162	1220000	1209585.7332416181
7162103	zuerich	0	0	0	0	0	0	0	0	5.5	856	856	126	795000	1220379.2535330309
7006055	zuerich	1	1	1	1	1	0	1	0	9.0	843	843	217	1250000	2020660.9578395807
7104503	zuerich	0	0	0	1	1	0	1	0	4.5	441	167	110	1200000	859470.362220853
7187925	zuerich	1	1	1	0	0	0	1	1	5.5	354	217	135	1490000	1134183.9768105648
7200246	zuerich	0	0	0	1	1	0	0	0	9.0	655	655	425	2290000	2361789.3076834385
6827170	zuerich	0	0	0	0	1	0	0	1	12.0	1168	1168	365	2850000	3239967.182373295
6897479	zuerich	0	0	0	0	0	0	1	0	6.0	1198	1198	1198	470000	1865140.0525752893
7022041	zuerich	0	0	0	0	1	0	0	1	8.0	306	306	186	1295000	2030947.2763892622
7199606	zuerich	0	1	1	0	0	1	1	0	4.5	150	50	92	700000	850868.3948246544
6637160	zuerich	0	0	0	0	0	0	1	0	5.5	242	242	231	1070000	1100550.7790560452
6933706	zuerich	0	0	0	0	0	0	0	0	4.5	583	583	122	1420000	937400.2581435089
7136853	zuerich	0	1	1	1	1	0	1	1	6.5	493	493	147	1950000	1785916.0787682398
7176460	zuerich	0	0	0	0	0	0	0	0	5.5	352	352	146	1320000	1193493.544484119
7211414	zuerich	0	0	0	0	0	0	1	1	6.5	819	819	192	1895000	1563383.4003729438
6923689	zuerich	0	0	0	0	1	0	0	1	10.0	650	650	280	1200000	2631424.7265565917
7116026	zuerich	0	0	0	0	0	0	1	1	6.5	675	675	204	1390000	1559352.665211508
7203340	zuerich	0	0	0	0	0	0	1	0	3.5	1146	1146	135	2800000	594250.4519706944
7204129	zuerich	0	0	0	0	0	0	0	0	5.5	548	548	156	910000	1214274.8644547658
7214867	zuerich	0	0	0	1	0	0	1	1	5.0	424	424	110	985000	1183048.9082152038
7084408	zuerich	0	0	0	1	1	0	0	0	8.0	1110	1110	352	3600000	2094347.7148080869
7141879	zuerich	0	1	1	1	1	1	1	1	5.5	482	482	134	1400000	1415828.8607093692
7173472	zuerich	0	0	0	0	0	0	1	1	7.5	1324	1324	231	2350000	1884414.4816847816
7214954	zuerich	0	0	0	0	1	0	1	1	11.0	730	730	226	2200000	2732062.433151586
6901880	zuerich	1	1	1	1	1	0	1	0	6.5	307	307	200	1120000	1320339.309458334
7032846	zuerich	0	0	0	0	0	0	1	0	6.0	456	456	144	650000	1196267.385067022
7160104	zuerich	0	0	0	1	0	0	0	0	5.5	807	165	110	1200000	1294511.7450721157
7173494	zuerich	0	0	0	0	0	0	1	0	5.5	537	537	150	1070000	1076040.0134198782
6823387	zuerich	0	0	0	0	0	0	1	1	5.5	352	352	124	995000	1228411.3559092442
7062152	zuerich	0	0	0	1	1	0	0	0	7.5	174	174	174	1650000	1789556.7285528695
7135631	zuerich	0	1	1	1	1	0	0	1	5.5	210	210	210	1180000	1674997.9623712874
7150791	zuerich	0	0	0	0	1	0	1	1	5.5	709	709	146	1399000	1255090.3471125728
6908914	zuerich	0	1	1	0	1	1	1	1	4.5	307	307	140	860000	1058975.696688741
7127725	zuerich	0	0	0	1	0	0	1	1	5.5	576	576	131	1370000	1336758.1641280726
7161268	zuerich	0	0	0	0	0	0	0	0	6.0	677	677	677	845000	1656639.2571468656
7171065	zuerich	0	0	0	0	1	0	1	0	6.0	336	336	175	360000	1191734.2168887989
7107333	zuerich	0	0	0	0	0	0	1	0	5.0	545	545	545	1875000	1176176.6119375853
7163565	zuerich	0	0	0	1	1	0	1	1	7.5	266	266	237	795000	1880872.7895157882
7188363	zuerich	0	0	0	0	0	0	0	0	6.5	175	175	175	1190000	1456616.1879578545
7188706	zuerich	0	0	0	0	0	0	0	0	6.5	553	553	183	1350000	1490139.430091329
7200845	zuerich	0	0	0	0	0	0	0	0	7.5	702	702	275	3152000	1814758.2068329318
6951787	zuerich	0	0	0	0	0	0	1	1	7.5	580	580	300	1860000	1867654.787224358
7029350	zuerich	0	0	0	1	1	0	1	1	6.5	274	274	151	1215000	1571732.6986742234
7149573	zuerich	0	0	0	0	0	0	0	0	3.5	728	728	130	3050000	693323.5322047118
7153618	zuerich	0	0	0	0	0	0	0	1	5.5	517	517	147	1500000	1388284.7810961902
7187001	zuerich	0	0	0	0	0	0	1	1	7.5	258	258	160	995000	1761740.7509994511
7050676	zuerich	0	0	0	0	1	0	1	1	5.5	620	620	276	2295000	1323798.515339049
7082403	zuerich	0	0	0	1	0	0	1	1	10.0	1075	1075	194	1140000	2580571.8662870945
7120011	zuerich	0	0	0	0	1	0	0	0	6.5	224	224	250	1260000	1490549.750429709
7145552	zuerich	0	0	0	0	1	0	1	1	5.5	734	40	142	950000	1254676.880826978
7151721	zuerich	0	0	0	0	1	0	1	1	5.5	480	480	246	2850000	1295678.7299222108
7163637	zuerich	0	0	0	1	1	0	1	0	8.5	393	393	220	1280000	1958895.5327213365
7183730	zuerich	0	0	0	0	0	0	1	1	5.5	374	374	173	940000	1258552.401117636
7192692	zuerich	0	0	0	0	0	0	0	0	4.5	294	294	140	1050000	925777.4483965727
7200419	zuerich	0	0	0	0	0	0	0	0	5.5	456	456	145	1690000	1200857.617771864
7032436	zuerich	0	0	0	0	1	0	0	1	6.0	350	350	200	1699856	1522839.4371122094
7167112	zuerich	0	0	0	0	0	0	1	1	9.0	674	674	200	1025000	2206453.828525633
7203167	zuerich	0	0	0	1	1	0	1	1	7.0	802	198	180	1150000	1758812.4102272848
7206057	zuerich	0	0	0	0	1	0	1	1	7.5	466	466	273	3500000	1829892.165477551
6912446	zuerich	0	0	0	0	0	0	1	1	6.5	213	213	168	1070000	1503149.308198891
7115779	zuerich	0	0	0	1	0	0	1	1	7.5	544	544	169	1490000	1875985.5892358203
7168014	zuerich	0	0	0	1	0	0	0	0	4.5	103	103	93	450000	971056.5436626341
7184290	zuerich	0	0	0	1	1	0	0	1	5.5	213	170	145	1195000	1437697.001991169
6990946	zuerich	0	0	0	1	0	0	1	1	6.5	209	209	210	1080000	1614407.3088852433
7094685	zuerich	0	0	0	1	0	0	1	0	6.5	250	202	150	970000	1401084.4436698556
7096069	zuerich	0	0	0	0	1	0	1	1	6.5	409	409	152	1290000	1495457.6609026925
7173531	zuerich	0	0	0	1	0	0	1	1	5.5	389	192	143	1190000	1329442.5193610801
6966711	zuerich	0	0	0	0	0	0	0	1	6.5	336	336	258	1080000	1698729.4493414853
7111664	zuerich	0	0	0	0	0	0	0	0	6.5	146	190	180	425000	1457304.9056197894
7182319	zuerich	0	0	0	0	0	0	1	1	7.0	1087	1087	226	730000	1733504.9896139032
7205887	zuerich	0	0	0	0	1	0	1	1	5.5	503	101	150	1040000	1241676.6357561722
7135110	zuerich	0	0	0	1	1	0	1	0	6.0	826	239	180	1400000	1319239.9799882867
7138691	zuerich	0	0	0	1	0	0	1	1	3.5	247	247	50	735000	744977.329378107
7183733	zuerich	0	0	0	0	0	0	1	1	5.5	384	384	173	960000	1259316.3335840446
7209724	zuerich	0	0	0	0	0	0	0	0	5.5	1546	1546	237	1790000	1337562.0979975578
7118070	zuerich	0	0	0	0	0	0	0	0	4.5	268	268	90	1590000	894750.0058387135
7163754	zuerich	1	0	1	1	1	1	1	0	6.0	660	264	183	900000	1152938.5545773855
7186541	zuerich	0	0	0	0	0	0	1	1	7.5	1152	1152	191	1290000	1848041.868746397
7209946	zuerich	0	0	0	0	1	0	1	1	4.0	206	206	206	455000	861813.4934190303
7015903	zuerich	0	0	0	1	1	0	1	1	5.5	272	272	127	1350000	1297839.785866294
7061655	zuerich	0	0	0	0	1	0	1	0	5.5	246	246	160	1295000	1046246.2884450863
7130113	zuerich	0	0	0	0	1	0	1	0	6.0	674	674	134	1300000	1193741.335374346
7183830	zuerich	0	0	0	0	0	0	1	1	5.5	302	302	173	895000	1253052.0873594945
7190332	zuerich	0	0	0	0	1	0	1	0	5.5	812	812	245	6590000	1138854.936890645
7194245	zuerich	0	0	0	0	0	0	0	1	5.5	136	136	136	1075000	1352789.886134081
7213208	zuerich	0	0	0	1	0	0	1	1	5.5	370	370	146	1150000	1329733.5207636156
7008060	zuerich	0	1	1	1	1	0	1	1	5.5	346	346	150	1395000	1516628.4029957931
7168248	zuerich	0	0	0	0	0	0	1	0	5.5	478	478	175	1390000	1086053.4209406665
7204207	zuerich	0	0	0	0	0	0	1	1	5.5	510	510	155	1525000	1258487.0441285209
7214319	zuerich	0	0	0	1	1	0	0	0	4.5	2116	2116	110	1125000	1121338.6294886987
7080732	zuerich	0	0	0	0	1	0	0	0	4.5	157	157	157	1140000	911814.0539447999
7104487	zuerich	0	0	0	0	0	0	1	1	8.0	1040	1040	200	2750000	1974613.4151912332
7128378	zuerich	0	0	0	1	1	0	1	1	9.0	1700	1700	350	5200000	2445754.370614348
7141770	zuerich	0	1	1	1	1	1	1	1	6.5	490	490	173	1600000	1698892.4984407024
7105834	zuerich	0	0	0	0	0	0	1	0	4.5	570	570	120	1020000	801335.9180669558
7187098	zuerich	0	0	0	1	0	0	0	0	6.5	819	819	170	1090000	1590078.267410995
7192283	zuerich	0	0	0	0	1	0	1	1	6.0	104	104	187	570000	1362586.4025763934
7204012	zuerich	0	0	0	0	1	0	0	1	5.5	577	577	178	2450000	1397502.39731332
7214200	zuerich	0	0	0	0	0	0	0	0	5.0	546	546	546	640000	1310743.4086915446
6938110	zuerich	0	0	0	1	0	0	1	1	6.5	442	215	215	1890000	1635111.057167082
7074453	zuerich	0	0	0	1	1	0	1	0	5.5	246	246	152	1295000	1128768.6439728043
7188212	zuerich	0	0	0	0	0	0	0	1	5.5	207	207	120	1250000	1348920.6168391188
7191978	zuerich	0	0	0	0	1	0	0	1	5.5	184	272	160	1990000	1357025.0128511935
7024933	zuerich	0	0	0	1	1	0	1	0	6.5	677	677	126	740000	1406393.0414444632
7168208	zuerich	0	0	0	1	0	0	1	0	1.0	32	32	32	110000	-113008.4377477555
7180021	zuerich	0	0	0	0	1	0	1	0	10.0	1589	1589	190	1470000	2335368.686793159
7199396	zuerich	0	0	0	0	1	0	1	0	5.5	333	333	120	1100000	1029659.526386683
6795723	zuerich	0	0	0	0	1	0	0	0	5.5	525	525	200	1270000	1224702.5579184564
7068489	zuerich	0	0	0	0	0	0	0	0	10.0	786	786	320	1600000	2496813.189893823
7152968	zuerich	0	0	0	1	0	0	1	0	5.5	568	568	149	1445000	1164996.330133791
7213442	zuerich	0	0	0	1	1	0	1	1	7.5	851	851	210	1995000	1909880.5810022815
6921831	zuerich	0	0	0	0	0	0	0	0	5.5	315	315	148	1180000	1191828.643084215
7015657	zuerich	0	0	0	0	0	0	0	0	5.5	350	350	150	1700000	1195664.055442453
7194198	zuerich	0	0	0	0	1	0	0	0	3.5	1002	1002	180	2650000	729924.96609816
7214879	zuerich	0	0	0	0	0	0	0	0	6.0	634	634	634	980000	1628378.899936439
6839939	geneve	0	0	0	0	0	0	0	0	3.5	60	60	60	700000	1900833.8371306797
6888557	geneve	0	0	0	0	1	0	1	1	11.5	1537	800	600	6200000	4440038.96480464
7197981	geneve	0	1	1	1	1	1	1	0	7.5	325	325	375	1615000	3181007.6481884182
7202695	geneve	0	0	0	0	0	0	0	0	70.0	4000	4000	4000	25000000	2.1766993935466528E7
6729514	geneve	0	0	0	0	0	0	0	0	5.0	135	135	135	660000	2339825.670253968
6892134	geneve	0	0	0	0	0	0	0	0	6.0	210	210	210	1990000	2648917.33257478
7155550	geneve	0	0	0	0	1	0	0	1	7.0	1733	338	267	13000000	3226405.5702213626
7190109	geneve	0	0	0	0	0	0	1	0	13.0	2850	2850	800	18900000	4877974.689910215
7205342	geneve	0	0	0	0	0	0	1	1	7.0	751	358	252	3200000	3022136.9912634124
7066502	geneve	0	0	0	0	0	0	0	0	6.0	3815	3815	280	3250000	2964972.6921183364
7165668	geneve	0	0	0	0	1	0	0	1	8.0	4050	490	490	5300000	3792732.8972207536
7184851	geneve	0	0	0	0	0	0	1	0	6.0	450	251	176	3100000	2513594.1042854376
7209399	geneve	0	0	0	0	0	0	1	1	5.5	1587	1587	190	1445000	2660290.1225476936
6811521	geneve	0	0	0	0	0	0	1	0	18.0	1300	740	740	6180000	6023717.403867419
6988411	geneve	0	0	0	0	0	0	0	0	7.0	478	478	478	2575000	3084851.993537738
7045566	geneve	0	0	0	0	0	0	1	0	7.0	908	168	168	812866	2803735.95794867
7098724	geneve	0	0	0	0	0	0	1	0	7.0	1100	250	170	3100000	2819565.110029522
7213235	geneve	0	0	0	0	0	0	0	0	10.0	5000	5000	5000	45000000	6836191.04871416
5550298	geneve	0	0	0	0	0	0	0	1	7.0	1900	1900	150	1850000	3184578.325781967
7084841	geneve	0	0	0	0	0	0	0	0	7.0	1733	338	267	900000	3058171.577499279
7202509	geneve	0	0	0	0	0	0	1	0	5.5	744	744	150	1850000	2391052.1145598697
7213438	geneve	0	0	0	1	1	0	1	1	5.0	562	562	150	620000	2502651.3160217907
6691163	geneve	0	0	0	0	0	0	0	0	7.0	362	362	362	2200000	3008614.750830542
6881871	geneve	0	0	0	1	1	0	1	1	12.0	5000	5000	600	22000000	4921657.899155345
7044064	geneve	0	0	0	0	1	0	1	0	11.0	1556	1556	434	3800000	4033567.8948928593
7170794	geneve	0	0	0	0	0	0	1	1	4.0	524	524	58	685000	2112714.773057716
7130796	geneve	0	0	0	0	0	0	0	0	6.0	150	150	150	2190000	2609484.2760020928
7155557	geneve	0	0	0	0	1	0	1	1	8.5	1677	1677	300	3480000	3497085.685648319
7162375	geneve	0	0	0	0	0	0	0	0	4.0	590	102	84	620000	2085162.2133625029
7207725	geneve	0	0	0	0	0	0	1	0	10.5	2612	420	370	4950000	3960537.7671486167
7213436	geneve	0	0	0	0	1	0	0	1	6.0	2700	2700	270	385000	3042219.9712068276
7030015	geneve	0	1	1	1	1	1	1	0	8.5	224	390	300	1650000	3389530.4446648494
7062523	geneve	0	0	0	0	0	0	0	0	7.0	1733	338	267	7500000	3058171.577499279
7136565	geneve	0	0	0	0	1	0	1	0	5.0	2100	140	140	718692	2345561.4087420097
7184452	geneve	0	0	0	0	0	0	1	0	6.5	535	233	173	2840000	2648245.2279636743
7008043	geneve	0	0	0	0	1	0	1	0	5.0	138	138	258	1893000	2264215.133655318
7082421	geneve	0	0	0	0	0	0	0	0	6.0	732	261	174	1650000	2667884.9302567644
7208627	geneve	0	0	0	0	1	0	0	0	13.0	4363	420	390	3580000	4875957.728600284
7211004	geneve	0	0	0	0	0	0	0	0	9.0	5000	437	437	2309332	3926089.1391785257
7050759	geneve	0	0	0	0	0	0	0	0	7.0	1100	400	400	6800000	3087064.2926418423
7074437	geneve	0	0	0	0	0	0	1	0	11.0	600	600	186	2600000	3829863.0429353686
7193613	geneve	0	0	0	0	0	0	1	1	12.0	1400	595	595	6500000	4569940.672834142
7207702	geneve	0	0	0	0	0	0	1	1	11.0	1077	498	342	5300000	4138516.7487494964
7214354	geneve	0	0	0	0	1	0	0	1	5.5	575	575	200	2200000	2709326.4458892597
6730917	geneve	0	0	0	0	0	0	1	0	7.5	505	505	220	1050000	2933052.5172258867
7211704	geneve	0	0	0	0	1	0	1	0	4.5	4601	278	172	2390000	2425307.127401237
7214768	geneve	0	0	0	0	0	0	1	0	6.0	250	180	140	2190000	2477405.7778927246
6877956	geneve	0	0	0	0	1	0	1	0	7.0	950	360	240	3990000	2835392.2946053264
7097226	geneve	0	0	0	0	0	0	0	1	18.0	3391	3391	600	4900000	6417655.377484733
7203180	geneve	0	0	0	0	0	0	1	1	6.0	1104	1104	160	2650000	2735867.624335519
6961273	geneve	0	0	0	0	0	0	0	0	7.0	869	260	185	2250000	2944540.214643458
7058039	geneve	0	0	0	0	1	0	0	0	5.0	172	172	124	1850000	2322891.6185563933
7076351	geneve	0	0	0	0	0	0	0	0	16.0	5000	5000	745	22000000	5923585.434187609
7162348	geneve	0	0	0	0	1	0	1	1	15.5	11125	11125	300	6000000	6037451.471145783
7123508	geneve	0	0	0	0	0	0	0	0	8.0	1200	300	210	3100000	3244147.3299591313
7193303	geneve	0	0	0	0	0	0	0	0	7.0	658	658	197	1190000	2935391.1319570844
7200569	geneve	0	0	0	0	1	0	1	1	6.0	871	871	244	1390000	2753485.710520788
7212840	geneve	0	0	0	0	0	0	1	1	6.0	610	250	188	1990000	2714392.442656247
6900467	geneve	0	0	0	0	1	0	1	0	11.0	1182	1182	204	2550000	3871407.2171812737
7023041	geneve	0	0	0	0	1	0	0	0	7.0	1100	1100	240	3400000	2980760.8607458686
7043434	geneve	0	0	0	0	1	0	0	1	5.0	404	404	168	2890000	2547776.6502982713
6966128	geneve	0	0	0	0	0	0	1	0	5.0	471	471	135	2090000	2231584.221980881
7050762	geneve	0	0	0	0	0	0	0	0	7.0	9500	9500	658	10500000	3878620.2500542374
7202353	geneve	0	0	0	0	0	0	0	0	8.5	234	234	234	1350000	3314191.4092162377
7205713	geneve	0	0	0	0	0	0	1	1	6.0	120	240	168	1550000	2665343.26454415
7214385	geneve	0	0	0	0	1	0	1	0	8.5	1309	1309	260	2650000	3264134.4698149012
6813786	geneve	0	0	1	0	1	0	1	1	5.5	1414	280	200	1890000	2886589.8052575975
7108190	geneve	0	0	0	0	0	0	0	0	6.0	500	360	240	2800000	2688496.104987746
7209369	geneve	0	0	0	0	0	0	0	0	7.0	180	180	180	3200000	2889001.145893389
6758162	geneve	0	1	0	0	1	0	1	1	6.0	171	171	171	1575000	2610307.811330412
6963402	geneve	0	0	0	0	1	0	1	1	5.0	570	570	115	1650000	2395764.65886233
7104454	geneve	0	0	0	0	0	0	0	0	8.0	500	500	240	2800000	3208096.7881976515
7182336	geneve	0	0	0	0	0	0	1	1	5.5	610	610	180	1990000	2579845.676950539
7118898	geneve	0	0	0	0	0	0	1	0	5.5	918	918	164	3200000	2412476.0805560336
7125972	geneve	0	0	0	0	0	0	0	1	8.0	1600	1600	255	4200000	3482447.251499577
7189323	geneve	0	0	0	0	1	0	0	1	8.5	1518	1518	340	4600000	3642081.7130929953
7008176	geneve	0	0	0	0	0	0	0	0	5.0	160	160	124	1850000	2335346.4334280463
7085549	geneve	0	0	0	0	0	0	0	0	7.0	440	440	172	1890000	2904216.79511678
7125333	geneve	0	0	0	0	1	0	0	1	7.0	684	330	200	2490000	3107353.8221805417
7209393	geneve	0	0	0	0	1	0	1	0	12.0	1348	1221	318	2620000	4210102.815099658
6922897	geneve	0	0	0	0	1	0	1	1	4.5	1166	1166	150	1695000	2331723.715759441
7068908	geneve	0	0	0	0	1	0	0	0	6.0	457	457	161	2570000	2625954.536881435
7104459	geneve	0	0	0	0	1	0	0	0	7.0	490	490	490	2400000	3079367.0710209324
7135584	geneve	0	0	0	0	1	0	0	1	6.5	934	934	178	1350000	2983773.8270543925
6779084	geneve	0	0	0	0	1	0	1	1	12.0	9600	9600	660	10500000	5220747.345046563
7129439	geneve	0	0	0	0	0	0	0	0	8.5	170	170	170	500000	3272129.4822053704
7164326	geneve	0	0	0	0	1	0	1	1	6.0	1100	1100	1100	2650000	3268165.418647317
7183972	geneve	0	0	0	0	1	0	0	1	8.5	240	240	240	2550000	3486368.707595589
7086960	geneve	0	0	0	0	0	0	0	0	7.0	1400	450	225	6800000	3008338.003125909
7139734	geneve	0	0	0	0	0	0	0	0	8.5	250	250	250	3250000	3324706.8909689547
7166050	geneve	0	0	0	0	1	0	0	1	7.5	200	200	200	3190000	3200279.6616088445
7195065	geneve	0	0	0	0	1	0	1	1	7.0	523	523	225	2100000	2975665.539399549
7206019	geneve	0	0	0	0	0	0	1	0	4.5	500	500	180	1800000	2130036.5516616665
7021714	geneve	0	0	0	0	0	0	0	1	8.0	830	830	250	4650000	3420720.3297715993
7086834	geneve	0	0	0	0	1	0	1	0	7.0	120	120	180	2100000	2737136.4381191805
7125337	geneve	0	0	0	0	1	0	1	0	7.5	650	240	160	2490000	2895908.542383231
7189327	geneve	0	0	0	0	0	0	0	0	6.0	1297	1297	180	2180000	2714532.0607862705
6713748	geneve	0	0	0	0	1	0	1	1	8.0	5000	780	780	22000000	3899835.9676272944
7015117	geneve	0	0	0	0	0	0	0	1	7.0	450	450	260	3100000	3137698.798072161
7157908	geneve	0	0	0	0	0	0	1	0	8.5	789	789	173	1790000	3187249.795820357
7209379	geneve	0	0	0	0	1	0	1	1	8.0	1070	1070	280	5200000	3309198.3268767656
7137988	geneve	0	0	0	0	1	0	0	0	9.0	750	750	168	2600000	3431804.5535023916
7139317	geneve	0	0	0	0	0	0	0	1	14.0	9587	9587	550	7800000	5822745.349106461
7211137	geneve	0	0	0	0	0	0	0	0	6.0	170	170	170	950000	2622628.628192988
7214381	geneve	0	0	0	0	0	0	0	0	6.0	2874	2874	150	760000	2817579.4798517805
7104492	geneve	0	1	0	0	1	0	1	1	8.0	212	93	239	2190000	3172536.674330061
7192181	geneve	0	0	0	0	1	0	1	0	6.5	535	535	173	2790000	2634873.6941323313
7206198	geneve	0	0	0	0	0	0	1	1	6.5	240	240	240	1950000	2846229.9790726122
6936062	geneve	0	0	0	0	1	0	0	1	14.0	665	665	580	5950000	5145217.999632533
7189229	geneve	0	0	0	0	0	0	1	1	8.0	2025	2025	400	8000000	3465224.3347985973
7193588	geneve	0	0	0	0	0	0	1	0	4.0	138	138	120	950000	1937632.563800965
7213420	geneve	0	0	0	0	1	0	0	1	7.0	1150	434	276	4200000	3187095.72669588
6919408	geneve	0	0	0	0	0	0	0	0	7.0	910	910	225	4300000	2970905.31227189
7086959	geneve	0	0	0	0	0	0	0	0	14.0	2959	2959	1000	19500000	5396176.347124224
7118735	geneve	0	0	0	0	0	0	1	1	7.0	800	800	230	2490000	3013102.124364928
7172391	geneve	0	0	0	0	0	0	0	0	7.0	1733	338	267	570875	3058171.577499279
7200387	geneve	0	1	1	1	1	0	1	1	7.0	1274	1274	375	3150000	3407106.0290246555
7166621	geneve	0	0	0	0	1	0	1	1	5.5	3814	3814	200	1350000	2822854.592614573
7171238	geneve	0	0	0	0	0	0	0	1	14.0	8900	8900	550	7800000	5770263.188664193
7192616	geneve	0	0	0	0	1	0	1	0	9.0	289	289	280	1690000	3327730.016301784
6906407	geneve	0	0	0	0	0	0	0	0	14.0	51355	51355	635	12500000	8881303.019095082
7173835	geneve	0	0	0	0	1	0	1	1	6.0	467	196	150	2190000	2668025.3487649127
7196574	geneve	0	0	0	0	0	0	0	0	7.0	478	234	234	2240000	2943130.8489891766
7205334	geneve	0	0	0	0	0	0	1	1	14.0	9587	750	630	7800000	5735301.718994361
6930751	geneve	0	0	0	0	1	0	1	0	4.5	278	278	122	1285000	2066017.9040276255
7113436	geneve	0	0	0	0	1	0	0	1	8.0	2228	400	280	3390000	3531571.2856312892
7143079	bern	0	0	0	1	1	0	0	0	5.5	232	232	156	1035000	930283.2231848476
7170735	bern	0	0	0	0	1	0	1	1	6.0	280	280	183	1450000	1040059.5246025532
7175016	bern	0	0	0	0	0	0	0	0	5.5	900	900	240	1195000	956305.7418252624
7201752	bern	0	0	0	0	1	0	1	1	5.5	772	772	165	1150000	937289.9926151064
6796433	bern	1	1	1	1	1	1	0	1	5.0	160	219	160	855000	776146.49502225
7170406	bern	0	0	0	0	1	0	0	1	11.0	1938	1938	285	900000	2658874.89971847
7187029	bern	0	0	0	0	0	0	0	0	6.5	462	462	462	1275000	1311588.8499661959
6790442	bern	0	1	1	1	1	0	0	1	5.5	200	200	145	1820000	1302831.6543851076
7103351	bern	0	0	0	0	1	0	0	1	5.5	1000	1000	127	1450000	1066545.9062032858
7113874	bern	0	0	0	0	1	0	0	1	11.0	2662	750	515	3800000	2847773.213754355
7091276	bern	0	0	0	1	1	0	1	1	4.5	205	205	116	1195000	692883.2368134458
7143129	bern	0	0	0	0	1	0	1	1	6.5	457	457	155	930000	1167218.2178991507
7195109	bern	0	0	0	0	0	0	1	0	5.0	4388	4388	83	440000	867766.2111857537
7200341	bern	0	0	0	0	0	0	1	1	7.5	1440	1440	300	2680000	1599704.1874044775
7206197	bern	0	0	0	0	1	0	1	1	6.5	950	950	240	1155000	1254250.1593399267
7196700	bern	0	0	0	0	0	0	0	1	7.5	1058	1058	200	1180000	1646349.1100416915
7197456	bern	0	0	0	0	0	0	0	1	5.5	142	142	120	750000	1010306.2638764478
7198912	bern	0	0	0	0	0	0	1	0	5.5	468	39	121	765000	720276.1809464301
7202510	bern	0	0	0	0	0	0	1	1	8.5	496	496	270	1200000	1769964.573293345
7157148	bern	0	0	0	0	1	0	1	1	4.5	607	607	153	620000	657914.8729595655
7161727	bern	0	0	0	0	0	0	0	0	4.5	850	850	136	1480000	632280.0041462573
7195581	bern	0	0	0	0	0	0	0	0	5.5	210	210	138	798000	844350.3166268711
7206273	bern	0	0	0	0	1	0	0	0	6.5	748	282	188	1550000	1160919.9092384577
7058231	bern	0	0	0	0	0	0	0	0	12.0	994	994	233	998000	2648123.1569013684
7134369	bern	0	0	0	1	1	0	1	1	6.5	450	450	139	995000	1244559.2257971512
7178901	bern	0	0	0	0	1	0	1	1	5.5	407	407	116	850000	880946.0638089014
7200462	bern	0	0	0	0	0	0	0	1	5.5	801	801	128	780000	1065296.0083160023
7073883	bern	0	0	0	0	0	0	1	0	6.0	578	391	278	1180000	949769.0338553191
7119019	bern	0	0	0	0	1	0	0	0	6.5	1232	1232	130	890000	1164206.4275642028
7184632	bern	0	0	0	0	0	0	1	0	6.5	289	42	180	995000	1000670.7688140025
7198898	bern	0	0	0	0	0	0	1	1	16.0	7504	7504	450	2950000	4358379.393112308
7069293	bern	1	1	0	0	1	0	1	1	5.5	605	605	150	480000	567971.7168175451
7154696	bern	0	0	0	0	1	0	1	0	5.5	119	119	125	925000	682566.7014890447
7197637	bern	0	0	0	0	1	0	1	0	5.5	461	461	186	1450000	744123.4779773575
7211664	bern	0	0	0	0	1	0	1	0	5.5	527	527	263	1063000	793888.9081992573
7126174	bern	0	0	0	0	1	0	0	0	5.5	398	398	125	870000	837789.9964462576
7154156	bern	0	1	0	0	1	0	1	1	5.5	624	624	169	1549000	881004.6415140853
7192297	bern	0	0	0	0	0	0	1	0	7.5	1060	1060	345	769000	1415206.323458204
7205116	bern	0	0	0	0	1	0	1	0	7.5	937	937	170	1067000	1290794.1567818462
6113482	bern	0	0	0	0	0	0	0	1	6.5	2247	2247	200	1400000	1477380.3386927145
7108593	bern	0	0	0	0	1	0	0	0	8.5	164	164	288	1800000	1693989.372700498
7134675	bern	0	0	0	0	1	0	1	0	7.5	1005	350	207	2260000	1317479.3989808704
7182005	bern	0	0	0	0	1	0	1	0	6.0	762	762	762	280000	1231572.8490514006
7210671	bern	0	0	0	0	1	0	0	1	5.5	119	119	146	715000	1010279.1188078678
6670606	bern	0	1	1	1	1	0	1	1	6.5	200	200	180	1178000	1449051.269547284
7138301	bern	0	1	0	1	1	0	1	1	10.0	869	869	869	14300000	2562568.52862709
7201540	bern	0	0	0	0	0	0	1	0	5.5	341	341	152	810000	728579.7938730638
7203484	bern	0	0	0	0	0	0	1	1	5.5	899	899	204	1290000	983015.6189230914
6768368	bern	0	0	0	0	0	0	1	0	12.0	2257	2257	324	1250000	2663553.265288612
6914330	bern	0	0	0	0	1	0	1	1	8.0	798	798	259	1650000	1643374.5611531208
7177305	bern	1	1	1	1	1	0	1	1	5.5	654	654	142	1195000	901316.3460117403
7131206	bern	0	0	0	0	1	0	1	1	8.5	1100	1100	185	1260000	1753364.4895862434
7159378	bern	0	1	1	1	1	1	1	0	9.0	549	549	250	1400000	1882369.7114640572
7164425	bern	0	0	0	0	0	0	0	0	7.5	229	229	229	970000	1418257.4885472115
6609069	bern	0	0	0	0	0	0	1	1	6.5	938	938	227	1240000	1259154.2574938284
7198532	bern	0	0	0	0	0	0	1	1	4.5	748	197	121	1200000	663471.4749543427
7209244	bern	0	1	0	0	1	1	0	1	5.5	339	339	161	1325000	886599.7164395076
7118773	bern	0	0	0	0	0	0	1	1	5.5	200	200	200	980000	927293.4420695183
7179829	bern	0	0	0	0	1	0	1	1	7.0	260	260	260	2900000	1343055.4772182922
7192125	bern	0	0	0	1	0	0	1	0	5.5	436	436	156	968000	825329.4001865104
7207362	bern	0	0	0	0	0	0	0	0	5.5	150	150	150	720000	846736.614183267
7076355	bern	0	0	0	0	1	0	0	0	5.5	156	156	156	960000	837308.3860091929
7187555	bern	0	0	0	0	1	0	0	0	7.5	872	872	195	1175000	1434258.783967204
7191587	bern	0	0	0	1	1	0	1	0	10.0	656	656	656	1900000	2288278.099290413
7200380	bern	0	0	0	1	1	0	0	0	4.5	289	289	100	850000	642311.1323158027
6931845	bern	0	1	1	1	1	0	1	1	5.0	172	172	130	836000	1028170.5280887141
7125974	bern	0	0	0	0	1	0	1	1	7.0	421	421	250	1590000	1349546.5462984303
7141395	bern	1	0	1	1	1	0	1	1	7.5	640	640	391	3900000	1611775.2381815454
6946107	bern	0	0	0	0	1	0	1	1	6.5	933	279	193	1270000	1225652.7290905472
7084129	bern	0	0	0	0	1	0	0	1	6.5	493	493	200	1390000	1330015.050253313
7125480	bern	0	0	0	0	0	0	0	0	7.5	172	172	172	960000	1380796.084803158
7214215	bern	0	0	0	0	0	0	1	1	4.5	964	964	120	840000	679391.5918658633
7184012	bern	0	0	0	0	0	0	1	0	5.5	310	310	123	735000	709367.696702983
7189261	bern	0	0	1	1	1	0	1	0	4.5	4238	4238	145	750000	1083294.5850678757
7191890	bern	0	0	0	0	1	0	0	0	4.5	299	299	130	880000	573330.8452383799
7063310	bern	0	0	0	0	1	0	1	1	6.5	243	243	243	1320000	1201982.6070535546
7075636	bern	0	0	0	0	1	0	0	0	5.0	186	186	186	370000	727124.7434930602
7142944	bern	0	0	0	0	1	0	1	0	5.5	821	18	145	1150000	747811.2478890034
7144846	bern	0	0	0	0	1	0	1	1	8.5	8966	43	295	560000	2418164.447582639
7186455	bern	0	0	0	0	0	0	1	0	10.5	1020	315	282	2420000	2154959.68354448
7122994	bern	0	0	0	0	0	0	1	0	6.5	672	672	153	1080000	1014247.1244790432
7179006	bern	0	0	0	0	1	0	0	0	4.5	606	606	149	850000	607819.234852297
7199393	bern	0	0	0	0	0	0	0	0	7.5	698	698	170	1990000	1419817.2838104395
7212093	bern	0	1	1	1	1	0	1	1	5.5	536	536	200	1720000	1226535.546071737
6871199	bern	0	0	0	0	0	0	0	0	5.5	200	200	200	950000	879597.4946605066
7125626	bern	1	1	1	1	1	0	1	1	4.5	504	504	130	570000	623087.1250558122
7206206	bern	0	0	0	0	0	0	1	0	5.0	2700	450	120	950000	760304.9122834372
7127420	bern	0	0	0	1	1	0	1	1	8.0	801	400	330	1690000	1772011.2210901729
7157137	bern	0	1	1	1	1	1	1	1	6.0	296	243	170	1230000	1218780.7727701734
7203317	bern	0	0	0	0	0	0	1	1	5.5	683	683	190	990000	958383.1365680116
7004712	bern	0	0	0	1	1	0	1	0	4.5	733	200	133	970000	561487.3586557579
7126170	bern	0	0	0	0	1	0	0	0	6.5	250	250	126	830000	1086864.9619112676
7148456	bern	0	0	0	0	1	0	0	0	5.5	193	193	143	840000	832584.2194171533
6765291	bern	0	1	1	1	1	0	1	1	5.5	235	235	120	710000	1157075.2298005247
7160851	bern	0	0	0	0	0	0	0	0	6.0	245	245	160	790000	989702.3870456639
7213302	bern	0	0	0	0	0	0	0	1	5.5	260	260	142	1155000	1032098.8029639552
7138313	bern	0	0	0	1	1	0	1	1	10.0	939	939	939	14700000	2655876.209345016
7193571	bern	0	0	0	0	0	0	1	1	13.0	1064	1064	400	1800000	3057964.6417851504
7211643	bern	0	0	0	0	1	0	0	1	9.0	747	747	270	950000	2039577.4943157476
7213292	bern	0	0	0	0	0	0	1	0	6.5	6677	6677	220	2280000	1511903.8028719388
7121282	bern	0	1	1	0	1	0	1	1	6.0	395	395	145	645000	1226549.9787071869
7205973	bern	0	0	0	0	0	0	0	0	6.0	225	225	225	850000	1025928.1057016031
7212631	bern	0	0	0	0	0	0	1	0	2.0	684	684	63	315000	-206211.88644490828
6156877	bern	0	0	0	0	0	0	1	1	9.0	2334	2334	290	1350000	2051892.0186797911
7103558	bern	0	0	0	1	1	0	1	0	5.5	530	530	150	965000	815653.8853619843
7122881	bern	0	0	0	0	1	0	1	0	4.5	373	373	120	520000	439266.12271634943
7073380	bern	0	0	0	0	1	0	1	1	6.5	933	279	193	600000	1225652.7290905472
7133604	bern	0	0	0	0	1	0	0	1	5.5	479	479	479	960000	1231195.2004455877
7165602	bern	0	0	0	0	1	0	1	1	5.5	722	178	143	1175000	920692.1942991772
7180169	bern	0	0	0	1	1	0	0	1	9.0	812	812	170	800000	2073629.5694879587
7113761	bern	0	0	0	0	0	0	0	0	6.5	128	128	140	1190000	1099048.0607330813
7168556	bern	0	0	0	0	0	0	1	0	5.5	418	418	180	980000	750725.15602572
7174040	bern	0	0	0	0	0	0	1	0	7.5	453	350	300	1200000	1342698.526416528
7175245	bern	0	0	0	0	0	0	1	1	5.5	842	842	190	1395000	970529.6627839076
7188957	bern	0	0	0	0	1	0	1	1	9.0	1819	1819	469	1950000	2103145.5237882137
7005253	bern	0	0	0	0	0	0	0	0	6.0	323	323	137	1490000	982302.0999368598
7066353	bern	0	0	0	0	0	0	1	0	5.0	652	652	145	720000	618372.1522355656
7162071	bern	0	0	0	0	1	0	1	0	5.5	1356	1356	1356	355000	1492059.938318533
7168144	bern	0	0	0	0	0	0	0	1	5.5	350	350	188	950000	1065692.1158552137
7170301	bern	0	0	0	0	1	0	1	0	4.5	473	473	473	400000	651936.447485526
7145483	zuerich	0	0	0	0	1	0	0	0	5.5	357	357	130	965000	1171210.7870795173
7161967	zuerich	0	0	0	0	0	0	1	1	12.0	2850	2850	416	2595000	3277544.6204182417
7185851	zuerich	0	0	0	1	0	0	1	0	4.5	1851	1851	110	760000	980556.3738158009
7209460	zuerich	0	0	0	0	1	0	0	1	6.5	458	458	157	1475000	1636014.6309470283
7080075	zuerich	0	0	0	1	0	0	0	0	5.5	452	452	136	913000	1282493.5759501145
7097355	zuerich	0	1	1	1	1	0	0	1	6.5	464	464	267	3820000	1987309.1773085417
7186190	zuerich	0	0	0	0	0	0	1	0	6.5	445	445	147	1350000	1327069.7032451606
7195317	zuerich	0	0	0	0	0	0	1	0	8.5	677	677	250	1300000	1924218.5290548503
6982225	zuerich	0	0	0	0	0	0	0	0	9.0	700	700	254	1295000	2192108.6211260967
7108188	zuerich	0	0	0	0	0	0	0	0	6.5	640	640	356	4675000	1597268.2573314654
7183084	zuerich	0	0	0	0	1	0	1	1	4.0	259	160	110	495000	810103.1966522174
7210663	zuerich	0	0	0	1	1	0	0	1	5.5	268	268	154	1390000	1447126.0498225512
6704362	zuerich	0	0	0	0	1	0	0	1	8.5	800	800	243	3400000	2231692.6997178453
7127877	zuerich	0	0	0	0	0	0	1	0	5.5	393	393	153	1190000	1066781.858992307
7194829	zuerich	0	0	0	1	1	0	1	1	6.5	329	250	200	1145000	1604394.721021763
6983445	zuerich	0	0	0	0	0	0	1	0	4.5	303	303	176	2090000	813465.0855364684
7094666	zuerich	0	0	0	0	1	0	1	1	8.5	1672	527	430	2200000	2273012.187507293
7170437	zuerich	0	0	0	0	1	0	1	1	5.5	236	236	143	1300000	1217213.868362737
7182264	zuerich	0	0	0	0	0	0	1	1	5.5	533	159	92	650000	1223652.1539383125
7204491	zuerich	0	0	0	0	0	0	0	1	4.5	141	141	141	1730000	1096275.632576852
7215276	zuerich	0	0	0	0	0	0	0	0	5.0	433	433	126	2490000	1058164.7394014727
6561422	zuerich	0	0	0	1	1	0	0	1	4.5	445	445	125	1280000	1184003.4063488157
7206175	zuerich	0	0	0	1	0	0	1	1	5.5	501	501	110	780000	1318831.359009026
7214488	zuerich	0	0	0	1	1	0	0	0	6.5	1229	151	160	810000	1602219.721073363
6608813	zuerich	0	0	0	0	0	0	0	1	5.5	423	423	125	895000	1368325.679928063
7121309	zuerich	0	0	0	0	0	0	1	1	5.5	312	312	130	1390000	1228840.5722210333
7145548	zuerich	0	0	0	1	1	0	1	1	4.5	131	131	122	590000	1024363.8746704612
7177248	zuerich	0	0	0	0	0	0	1	0	4.5	318	318	110	695000	776276.576284421
7138010	zuerich	0	0	0	0	0	0	0	0	6.0	655	655	167	1195000	1358738.1806397568
7157804	zuerich	0	0	0	0	0	0	0	0	6.0	662	662	190	1190000	1372631.8937130338
7177730	zuerich	0	0	0	0	1	0	0	1	11.5	1018	1018	250	2700000	3031813.2228407376
7200581	zuerich	0	0	0	0	1	0	0	1	8.5	824	824	204	2190000	2210873.987483972
6938109	zuerich	0	0	0	1	0	0	1	1	6.5	365	215	215	1950000	1629228.7771757361
7192174	zuerich	0	1	1	1	0	0	1	1	5.0	460	460	135	1599999	1400096.230698158
7201410	zuerich	0	0	0	0	0	0	0	0	5.5	672	672	147	1590000	1218520.2077720962
6997364	zuerich	0	0	0	0	1	0	0	0	8.0	411	411	218	1650000	1875949.420346052
7159495	zuerich	0	0	0	0	0	0	0	0	4.5	302	302	105	1070000	906059.7416680617
7168897	zuerich	0	0	0	0	1	0	1	0	6.5	220	66	184	820000	1318000.1903470713
7190162	zuerich	0	0	0	0	1	0	0	0	5.5	171	202	140	1250000	1162809.8868333576
7092896	zuerich	0	0	0	0	0	0	0	0	5.5	705	705	130	930000	1211167.1707418775
7112850	zuerich	0	0	0	0	1	0	1	0	9.0	2356	2356	390	4950000	2250326.83794253
7123116	zuerich	0	0	0	0	0	0	1	0	6.5	542	542	258	1350000	1398951.3524516611
7184403	zuerich	0	0	0	0	1	0	1	1	7.5	721	721	216	1590000	1816265.4546854445
7205874	zuerich	0	0	0	0	1	0	1	0	5.5	195	195	161	940000	1042931.0572293067
7112364	zuerich	0	0	0	1	1	0	1	0	5.5	626	626	131	975000	1145600.7660753462
7134112	zuerich	0	0	0	0	1	0	1	1	5.5	418	180	123	849000	1219500.9519932936
7182036	zuerich	0	0	0	1	0	0	0	0	13.5	917	917	438	1350000	3571828.126074724
6525688	zuerich	0	0	0	0	0	0	0	0	5.5	287	287	287	1040000	1270424.218621919
7066320	zuerich	0	1	1	1	1	1	1	0	12.0	821	821	327	2500000	3060921.967239846
7198513	zuerich	0	0	0	0	0	0	0	0	6.5	193	193	151	1450000	1444051.4816876953
6902939	zuerich	0	0	0	0	1	0	1	1	4.5	608	608	132	950000	979442.7465162385
7160743	zuerich	1	1	1	0	1	1	1	1	7.5	174	174	174	1350000	1547418.6579239098
7170436	zuerich	0	0	0	0	1	0	1	1	5.5	234	234	143	1230000	1217061.081869455
7150580	zuerich	0	0	0	0	0	0	0	0	5.5	401	401	159	1395000	1204787.5302872718
7163593	zuerich	0	0	0	1	1	0	0	1	4.5	578	578	120	795000	1191259.5863375296
7185633	zuerich	0	0	0	0	1	0	0	0	5.5	263	263	123	1250000	1159964.0513549494
7209642	zuerich	0	0	0	0	0	0	1	0	4.5	255	255	136	940000	786565.2351815497
7214198	zuerich	0	0	0	0	0	0	0	0	6.0	430	430	430	780000	1494306.507589301
7154055	zuerich	0	0	0	0	1	0	1	1	9.5	998	998	358	1278777	2439504.126747226
7169723	zuerich	0	0	0	0	0	0	0	0	6.0	636	636	185	1370000	1367741.5474858517
7204464	zuerich	0	0	0	0	1	0	0	1	5.5	254	254	167	1910000	1366438.3106563808
7209040	zuerich	0	0	0	1	0	0	1	0	10.5	506	506	195	1495000	2485979.5775604025
7094664	zuerich	0	0	0	0	0	0	0	0	6.0	3151	3151	3151	1740000	3282595.6231606887
7186441	zuerich	0	0	0	0	0	0	0	0	6.5	519	421	178	690000	1484637.9378910204
7205821	zuerich	0	1	0	0	1	0	1	0	4.5	331	113	96	348000	708464.1655289637
6337185	zuerich	0	0	0	1	1	0	1	0	5.5	265	265	195	1290000	1155195.5632638503
6868133	zuerich	0	0	0	0	1	0	1	0	4.5	200	250	250	449000	835206.050156009
6957934	zuerich	0	0	0	0	0	0	0	0	6.5	417	417	159	2500000	1465810.1638384783
7130114	zuerich	0	0	0	1	1	0	0	0	5.5	324	229	177	1695000	1283157.5054278038
7207356	zuerich	0	0	0	0	0	0	0	1	6.5	336	336	258	1080000	1698729.4493414853
7209923	zuerich	0	0	0	1	1	0	0	1	4.5	194	194	156	595000	1182834.2566919834
6782830	zuerich	0	0	0	0	1	0	0	1	6.5	451	451	160	890000	1637222.3513092543
7023186	zuerich	0	0	0	0	0	0	1	0	7.5	464	204	178	1320000	1606327.071786312
7158548	zuerich	0	0	0	0	0	0	1	0	6.5	290	290	117	790000	1297804.01912871
7184631	zuerich	0	0	0	0	1	0	1	0	6.5	449	22	174	1890000	1329686.0001987875
7186801	zuerich	0	0	0	0	1	0	1	1	6.5	1520	1520	200	2050000	1608210.1273400714
6218656	zuerich	0	0	0	0	0	0	1	0	11.0	2159	500	500	8300000	2832140.2653149636
7118932	zuerich	0	0	0	0	1	0	0	1	11.5	1910	1910	313	1900000	3136547.9337073276
7125520	zuerich	0	0	0	1	1	0	1	0	7.5	325	325	187	1335000	1674733.2463689754
6030503	zuerich	0	0	0	0	1	0	0	0	5.0	13014	13014	13014	2800000	9491561.030664707
7022002	zuerich	0	0	0	1	0	0	0	1	5.5	223	223	127	1397500	1441377.6297566495
7200756	zuerich	0	0	0	1	0	0	0	0	5.5	418	418	163	1490000	1295578.463362732
6788554	zuerich	0	0	0	0	0	0	0	0	7.0	511	511	244	1360000	1652261.37067203
6840775	zuerich	0	0	0	0	0	0	1	0	6.0	265	265	265	795000	1251956.0228699953
7107323	zuerich	0	0	0	1	0	0	0	0	6.0	969	969	969	1250000	1935715.7495648954
7180159	zuerich	0	0	0	1	1	0	1	0	6.0	403	57	98	650000	1239298.0389010822
6892604	zuerich	0	0	0	0	1	0	1	1	5.5	624	624	182	950000	1269506.5982126421
7012266	zuerich	0	0	0	0	1	0	1	0	9.0	724	724	213	1890000	2022847.147190658
7214944	zuerich	0	0	0	0	1	0	1	1	6.5	830	830	320	1680000	1625197.7107063546
7111744	zuerich	0	0	0	0	0	0	1	1	7.5	481	481	481	950000	1965221.0654925266
7156754	zuerich	0	0	0	0	1	0	1	1	4.5	772	772	210	1750000	1037275.5392718461
7205112	zuerich	0	0	0	0	1	0	0	0	5.5	455	455	123	980000	1174631.5547099933
7206784	zuerich	0	0	0	0	0	0	0	0	5.5	343	343	174	1250000	1209069.0874256613
7214196	zuerich	0	0	0	0	0	0	0	0	5.5	558	558	558	1580000	1448530.1908085584
6989285	zuerich	0	0	0	0	0	0	1	1	6.5	314	314	168	1295000	1510865.0261096177
7205867	zuerich	0	0	0	0	1	0	1	0	5.5	195	195	161	940000	1042931.0572293067
7206067	zuerich	0	0	0	0	1	0	1	1	8.0	284	284	284	1750000	1952277.8333833348
5485102	zuerich	0	0	0	1	1	0	1	1	6.5	660	660	180	1005000	1618064.398401807
7195542	zuerich	0	0	0	1	0	0	1	0	6.0	3200	3200	240	2100000	1548818.543119255
7201455	zuerich	0	0	0	0	1	0	0	0	5.5	157	157	135	1000000	1158836.259565866
7050302	zuerich	0	0	0	1	0	0	0	0	8.5	2117	2117	245	1960000	2252399.211978525
7200476	zuerich	0	0	0	0	1	0	0	0	11.0	1047	400	250	1220000	2722522.92963742
7204627	zuerich	0	0	0	0	1	0	1	1	6.5	968	968	385	2690000	1673493.5623315484
6668749	zuerich	0	0	0	1	1	0	0	1	5.5	156	156	198	1550000	1464126.2781665488
6901301	zuerich	0	0	0	1	1	0	0	0	5.5	574	574	147	965000	1284831.0862008994
7026461	zuerich	0	0	0	0	0	0	0	0	5.5	450	450	160	1425000	1209111.6237355778
7168522	zuerich	0	0	0	0	1	0	1	1	6.0	1073	1073	1073	1210000	1951221.8441042732
7212031	zuerich	0	0	0	0	1	0	1	1	7.5	630	630	630	760000	2049774.955483358
6930800	zuerich	1	1	1	1	1	0	0	1	5.5	405	130	130	850000	1342882.9063187498
7100780	zuerich	0	0	0	0	0	0	0	0	5.5	950	950	135	1210000	1232787.6379834064
7034976	zuerich	0	0	1	1	1	1	0	1	7.5	204	204	230	1350000	2151163.3873861004
7059805	zuerich	0	1	1	1	1	0	1	1	8.0	971	971	196	970000	2240592.9568522903
6983456	zuerich	0	0	0	1	1	0	1	1	9.5	338	338	298	3480000	2441404.072620976
7177648	zuerich	0	0	0	0	0	0	0	1	7.5	664	664	224	1780000	1963838.7475059046
7185005	zuerich	0	0	0	0	1	0	1	1	9.0	385	385	340	1550000	2252320.057221635
